-- phpMyAdmin SQL Dump
-- version 5.0.2
-- https://www.phpmyadmin.net/
--
-- Hôte : 127.0.0.1:3306
-- Généré le : sam. 30 avr. 2022 à 21:35
-- Version du serveur :  5.7.31
-- Version de PHP : 7.3.21

SET SQL_MODE = "NO_AUTO_VALUE_ON_ZERO";
START TRANSACTION;
SET time_zone = "+00:00";


/*!40101 SET @OLD_CHARACTER_SET_CLIENT=@@CHARACTER_SET_CLIENT */;
/*!40101 SET @OLD_CHARACTER_SET_RESULTS=@@CHARACTER_SET_RESULTS */;
/*!40101 SET @OLD_COLLATION_CONNECTION=@@COLLATION_CONNECTION */;
/*!40101 SET NAMES utf8mb4 */;

--
-- Base de données : `microworld`
--

-- --------------------------------------------------------

--
-- Structure de la table `avis_client`
--

DROP TABLE IF EXISTS `avis_client`;
CREATE TABLE IF NOT EXISTS `avis_client` (
  `idAvisClient` int(11) NOT NULL AUTO_INCREMENT,
  `idProduit` int(11) NOT NULL,
  `dateAvis` date NOT NULL,
  `idClient` int(11) NOT NULL,
  `note` int(11) NOT NULL,
  `titre` varchar(60) NOT NULL,
  `contenu` varchar(800) NOT NULL,
  PRIMARY KEY (`idAvisClient`),
  KEY `id_client` (`idClient`),
  KEY `id_produit` (`idProduit`)
) ENGINE=InnoDB AUTO_INCREMENT=15 DEFAULT CHARSET=latin1;

--
-- Déchargement des données de la table `avis_client`
--

INSERT INTO `avis_client` (`idAvisClient`, `idProduit`, `dateAvis`, `idClient`, `note`, `titre`, `contenu`) VALUES
(9, 3, '2022-04-30', 9, 4, 'Lorem', 'Lorem ipsum dolor sit amet, consectetur adipiscing elit, sed do eiusmod tempor incididunt ut labore et dolore magna aliqua. Ut enim ad minim veniam, quis nostrud exercitation ullamco laboris nisi ut aliquip ex ea commodo consequat. Duis aute irure dolor in reprehenderit in voluptate velit esse cillum dolore eu fugiat nulla pariatur. Excepteur sint occaecat cupidatat non proident, sunt in culpa qui officia deserunt mollit anim id est laborum.\r\n'),
(10, 3, '2022-04-30', 9, 2, 'Lorem ipsum is placeholder text commonly used in the graphic', 'Lorem ipsum dolor sit amet, consectetur adipiscing elit, sed do eiusmod tempor incididunt ut labore et dolore magna aliqua. Ut enim ad minim veniam, quis nostrud exercitation ullamco laboris nisi ut aliquip ex ea commodo consequat. Duis aute irure dolor in reprehenderit in voluptate velit esse cillum dolore eu fugiat nulla pariatur. Excepteur sint occaecat cupidatat non proident, sunt in culpa qui officia deserunt mollit anim id est laborum.\r\n'),
(11, 3, '2022-04-30', 9, 5, 'Lorem ipsum', 'Lorem ipsum dolor sit amet, consectetur adipiscing elit, sed do eiusmod tempor incididunt ut labore et dolore magna aliqua. Sed cras ornare arcu dui. Magna eget est lorem ipsum dolor sit. Amet facilisis magna etiam tempor orci. Et magnis dis parturient montes nascetur ridiculus mus mauris. Vulputate eu scelerisque felis imperdiet proin. Pharetra magna ac placerat vestibulum lectus mauris. In egestas erat imperdiet sed euismod. Et pharetra pharetra massa massa ultricies mi quis. Ultrices sagittis orci a scelerisque purus semper eget. Massa tincidunt nunc pulvinar sapien. Nisi porta lorem mollis aliquam ut porttitor leo a diam. Vitae et leo duis ut. Dictum fusce ut placerat orci nulla. Congue nisi vitae suscipit tellus mauris a diam maecenas sed.'),
(12, 3, '2022-04-30', 9, 4, 'Lorem ipsum dolor', 'Lorem ipsum dolor sit amet, consectetur adipiscing elit, sed do eiusmod tempor incididunt ut labore et dolore magna aliqua. Sed cras ornare arcu dui. Magna eget est lorem ipsum dolor sit. Amet facilisis magna etiam tempor orci. Et magnis dis parturient montes nascetur ridiculus mus mauris. Vulputate eu scelerisque felis imperdiet proin. Pharetra magna ac placerat vestibulum lectus mauris. In egestas erat imperdiet sed euismod. Et pharetra pharetra massa massa ultricies mi quis. Ultrices sagittis orci a scelerisque purus semper eget. Massa tincidunt nunc pulvinar sapien. Nisi porta lorem mollis aliquam ut porttitor leo a diam. Vitae et leo duis ut. Dictum fusce ut placerat orci nulla. Congue nisi vitae suscipit tellus mauris a diam maecenas sed.'),
(13, 3, '2022-04-30', 9, 3, 'Lellus mauris a diam', 'Lorem ipsum dolor sit amet, consectetur adipiscing elit, sed do eiusmod tempor incididunt ut labore et dolore magna aliqua. Sed cras ornare arcu dui. Magna eget est lorem ipsum dolor sit. Amet facilisis magna etiam tempor orci. Et magnis dis parturient montes nascetur ridiculus mus mauris. Vulputate eu scelerisque felis imperdiet proin. Pharetra magna ac placerat vestibulum lectus mauris. In egestas erat imperdiet sed euismod. Et pharetra pharetra massa massa ultricies mi quis. Ultrices sagittis orci a scelerisque purus semper eget. Massa tincidunt nunc pulvinar sapien. Nisi porta lorem mollis aliquam ut porttitor leo a diam. Vitae et leo duis ut. Dictum fusce ut placerat orci nulla. Congue nisi vitae suscipit tellus mauris a diam maecenas sed.'),
(14, 3, '2022-04-30', 9, 4, 'mauris a diam', 'Lorem ipsum dolor sit amet, consectetur adipiscing elit, sed do eiusmod tempor incididunt ut labore et dolore magna aliqua. Sed cras ornare arcu dui. Magna eget est lorem ipsum dolor sit. Amet facilisis magna etiam tempor orci. Et magnis dis parturient montes nascetur ridiculus mus mauris. Vulputate eu scelerisque felis imperdiet proin. Pharetra magna ac placerat vestibulum lectus mauris. In egestas erat imperdiet sed euismod. Et pharetra pharetra massa massa ultricies mi quis. Ultrices sagittis orci a scelerisque purus semper eget. Massa tincidunt nunc pulvinar sapien. Nisi porta lorem mollis aliquam ut porttitor leo a diam. Vitae et leo duis ut. Dictum fusce ut placerat orci nulla. Congue nisi vitae suscipit tellus mauris a diam maecenas sed.');

-- --------------------------------------------------------

--
-- Structure de la table `categorie`
--

DROP TABLE IF EXISTS `categorie`;
CREATE TABLE IF NOT EXISTS `categorie` (
  `idCategorie` int(11) NOT NULL AUTO_INCREMENT,
  `nomCategorie` varchar(30) NOT NULL,
  PRIMARY KEY (`idCategorie`)
) ENGINE=InnoDB AUTO_INCREMENT=8 DEFAULT CHARSET=latin1;

--
-- Déchargement des données de la table `categorie`
--

INSERT INTO `categorie` (`idCategorie`, `nomCategorie`) VALUES
(1, 'PC Gamer'),
(2, 'Ordinateur de bureau'),
(3, 'PC portable'),
(4, 'Ecran'),
(5, 'Clavier'),
(6, 'Souris'),
(7, 'Casque audio');

-- --------------------------------------------------------

--
-- Structure de la table `client`
--

DROP TABLE IF EXISTS `client`;
CREATE TABLE IF NOT EXISTS `client` (
  `idClient` int(11) NOT NULL AUTO_INCREMENT,
  `nom` varchar(20) NOT NULL,
  `prenom` varchar(20) NOT NULL,
  `pseudo` varchar(20) NOT NULL,
  `mail` varchar(40) NOT NULL,
  `telephone` varchar(10) NOT NULL,
  `adresse` varchar(100) NOT NULL,
  `mdp` varchar(40) NOT NULL,
  PRIMARY KEY (`idClient`)
) ENGINE=InnoDB AUTO_INCREMENT=11 DEFAULT CHARSET=latin1;

--
-- Déchargement des données de la table `client`
--

INSERT INTO `client` (`idClient`, `nom`, `prenom`, `pseudo`, `mail`, `telephone`, `adresse`, `mdp`) VALUES
(9, 'Dupond', 'Michel', 'Mich', 'mich@gmail.com', '0011223344', '92 Avenue De Marlioz, Arles 13200', '9cf95dacd226dcf43da376cdb6cbba7035218921'),
(10, 'Merez', 'Thomas', 'Toto', 'thomas.merez@gmail.com', '0652414535', '23 rue du Faubourg National, Taverny 95150', '9cf95dacd226dcf43da376cdb6cbba7035218921');

-- --------------------------------------------------------

--
-- Structure de la table `commande`
--

DROP TABLE IF EXISTS `commande`;
CREATE TABLE IF NOT EXISTS `commande` (
  `idCmde` int(11) NOT NULL AUTO_INCREMENT,
  `idClient` int(11) NOT NULL,
  `dateCmde` varchar(10) NOT NULL,
  PRIMARY KEY (`idCmde`),
  KEY `id_client` (`idClient`)
) ENGINE=InnoDB AUTO_INCREMENT=24 DEFAULT CHARSET=latin1;

--
-- Déchargement des données de la table `commande`
--

INSERT INTO `commande` (`idCmde`, `idClient`, `dateCmde`) VALUES
(20, 9, '2022-04-30'),
(21, 9, '2022-04-30'),
(22, 9, '2022-04-30'),
(23, 10, '2022-04-30');

-- --------------------------------------------------------

--
-- Structure de la table `historique_produit`
--

DROP TABLE IF EXISTS `historique_produit`;
CREATE TABLE IF NOT EXISTS `historique_produit` (
  `idProduit` int(11) NOT NULL,
  `nom` text NOT NULL,
  `prix` int(11) NOT NULL,
  `idCategorie` int(11) NOT NULL,
  `descriptionProduit` text NOT NULL,
  `caracteristique` text NOT NULL,
  `dateChangement` date NOT NULL,
  `type` varchar(5) NOT NULL,
  KEY `id_produit` (`idProduit`),
  KEY `id_categorie` (`idCategorie`)
) ENGINE=InnoDB DEFAULT CHARSET=latin1;

--
-- Déchargement des données de la table `historique_produit`
--

INSERT INTO `historique_produit` (`idProduit`, `nom`, `prix`, `idCategorie`, `descriptionProduit`, `caracteristique`, `dateChangement`, `type`) VALUES
(1, 'PC Portable - ACER - Aspire A315-34-C221 - 15,6&quot; FHD - Intel Celeron N4020 - RAM 4 Go - Stockage 128 Go SSD - Windows 11 - AZERTY', 315, 1, 'Les points forts :\r\n\r\nUsage : Basique &amp; Bureautique\r\n\r\nProcesseur : Intel Celeron N4020 / 1.1 GHz\r\n\r\nRAM : 4 Go (la mémoire fournie est soudée)\r\n\r\nRésolution : 1920 x 1080 (Full HD)\r\n\r\nFonctions : Anti-éblouissement, ComfyView, taux de réponse de 8 ms, écran à bord étroit\r\n\r\nStockage principal : 128 Go SSD - Kingston\r\n\r\nProcesseur graphique : Intel UHD Graphics 600\r\n\r\nGarantie (²) : 2 ans\r\n\r\nSystème d\\\'exploitation : Windows 11 Home\r\n\r\nPoids : 1.94 kg', '<table class=\"table w-100\">\r\n    <thead>\r\n        <tr>\r\n            <th class=\"w-25\">Informations générales sur le produit</th>\r\n        </tr>\r\n    </thead>\r\n    <tbody>\r\n        <tr>\r\n            <td>Marque</td>\r\n            <td>ACER</td>\r\n        </tr>\r\n        <tr>\r\n            <td>Nom du produit</td>\r\n            <td>PC Portable - ACER - Aspire A315-34-C221 - 15,6\" F</td>\r\n        </tr>\r\n        <tr>\r\n            <td>Référence</td>\r\n            <td>NX.HXDEF.00F</td>\r\n        </tr>\r\n        <tr>\r\n            <td>CPU</td>\r\n            <td>Intel Celeron N4020 / 1.1 GHz</td>\r\n        </tr>\r\n        <tr>\r\n            <td>Nombre de coeurs</td>\r\n            <td>2</td>\r\n        </tr>\r\n        <tr>\r\n            <td>Vitesse maximale en mode Turbo</td>\r\n            <td>2.8 GHz</td>\r\n        </tr>\r\n        <tr>\r\n            <td>Résolution</td>\r\n            <td>1920 x 1080 (Full HD)</td>\r\n        </tr>\r\n        <tr>\r\n            <td>Stockage principal</td>\r\n            <td>128 Go SSD - Kingston</td>\r\n        </tr>\r\n        <tr>\r\n            <td>RAM</td>\r\n            <td>4 Go</td>\r\n        </tr>\r\n        <tr>\r\n            <td>RAM max</td>\r\n            <td>12 Go</td>\r\n        </tr>\r\n        <tr>\r\n            <td>RAM</td>\r\n            <td>4 Go</td>\r\n        </tr>\r\n    </tbody>\r\n</table>', '2022-04-30', 'ajout'),
(1, 'PC Portable - ACER - Aspire A315-34-C221 - 15,6&quot; FHD - Intel Celeron N4020 - RAM 4 Go - Stockage 128 Go SSD - Windows 11 - AZERTY', 315, 3, 'Les points forts :\r\n\r\nUsage : Basique &amp; Bureautique\r\n\r\nProcesseur : Intel Celeron N4020 / 1.1 GHz\r\n\r\nRAM : 4 Go (la mémoire fournie est soudée)\r\n\r\nRésolution : 1920 x 1080 (Full HD)\r\n\r\nFonctions : Anti-éblouissement, ComfyView, taux de réponse de 8 ms, écran à bord étroit\r\n\r\nStockage principal : 128 Go SSD - Kingston\r\n\r\nProcesseur graphique : Intel UHD Graphics 600\r\n\r\nGarantie (²) : 2 ans\r\n\r\nSystème d\\\'exploitation : Windows 11 Home\r\n\r\nPoids : 1.94 kg', '<table class=\"table w-100\">\r\n    <thead>\r\n        <tr>\r\n            <th class=\"w-25\">Informations générales sur le produit</th>\r\n        </tr>\r\n    </thead>\r\n    <tbody>\r\n        <tr>\r\n            <td>Marque</td>\r\n            <td>ACER</td>\r\n        </tr>\r\n        <tr>\r\n            <td>Nom du produit</td>\r\n            <td>PC Portable - ACER - Aspire A315-34-C221 - 15,6\" F</td>\r\n        </tr>\r\n        <tr>\r\n            <td>Référence</td>\r\n            <td>NX.HXDEF.00F</td>\r\n        </tr>\r\n        <tr>\r\n            <td>CPU</td>\r\n            <td>Intel Celeron N4020 / 1.1 GHz</td>\r\n        </tr>\r\n        <tr>\r\n            <td>Nombre de coeurs</td>\r\n            <td>2</td>\r\n        </tr>\r\n        <tr>\r\n            <td>Vitesse maximale en mode Turbo</td>\r\n            <td>2.8 GHz</td>\r\n        </tr>\r\n        <tr>\r\n            <td>Résolution</td>\r\n            <td>1920 x 1080 (Full HD)</td>\r\n        </tr>\r\n        <tr>\r\n            <td>Stockage principal</td>\r\n            <td>128 Go SSD - Kingston</td>\r\n        </tr>\r\n        <tr>\r\n            <td>RAM</td>\r\n            <td>4 Go</td>\r\n        </tr>\r\n        <tr>\r\n            <td>RAM max</td>\r\n            <td>12 Go</td>\r\n        </tr>\r\n    </tbody>\r\n</table>', '2022-04-30', 'MAJ'),
(2, 'MEMORY PC Gamer | AMD Ryzen 5 3600, 6x 3.60GHz | 4Go GeForce GTX 1650 | 16Go DDR4 RGB | 240 Go SSD + 2000 Go HDD | WiFi | Win 10 Pr', 899, 1, 'Ce PC de jeu doté d\\\'un processeur AMD Ryzen 5 SixCore et d\\\'une puissante NVIDIA GeForce GTX 1650 avec 4 Go de mémoire vous permet de jouer aux jeux actuels sans problème. La technologie à l\\\'état solide du SSD de 240 Go assure un démarrage ultra-rapide du Memory PC® et tous les autres processus informatiques sont également nettement plus rapides grâce au SSD. Le disque dur supplémentaire de 2000 Go offre également suffisamment d\\\'espace pour toutes vos données. Bien sûr, Windows 10 Pro est déjà installé, il suffit d\\\'activer le système d\\\'exploitation une seule fois. Configuration : Système d\\\'exploitation : Windows 10 Pro, 64Bit (pré-installé) Processeur (CPU) : AMD Ryzen 5 3600, 6x 3,6 GHz efroidissement du processeur : ventilateur certifié AMD Mémoire (RAM) : 16 Go DDR4 RGB, double canal Carte graphique : GeForce RTX 1650, 4 Go Carte mère : MSI A320M-A Pro Max, chipset AMD A320, socket AM4 Son : son surround 7.1 (Realtek ALC892) WLAN : Clé USB WLAN 433 MBit/s (802.11a/b/g/n/ac) - taux de transfert : 200Mb/s (2.4GHz), 433Mb/s (5GHz) 1er disque dur (SSD) : 240 Go 2er disque dur (HDD) : 2000 Go Bloc d\\\'alimentation : 700 Watt SQ-WHITE Silent - 80+. Boîtier : SQ-Tower 01, USB3.0 Les photos sont des exemples. Les composants installés peuvent être différents. La liste des composants énumérés est déterminante.\r\n', '<table class=\"table w-100\">\r\n    <thead>\r\n        <tr>\r\n            <th class=\"w-25\">Informations générales sur le produit</th>\r\n        </tr>\r\n    </thead>\r\n    <tbody>\r\n        <tr>\r\n            <td>Marque</td>\r\n            <td>MEMORY PC</td>\r\n        </tr>\r\n        <tr>\r\n            <td>Nom du produit</td>\r\n            <td>MEMORY PC Gamer | AMD Ryzen 5 3600, 6x 3.60GHz | 4</td>\r\n        </tr>\r\n        <tr>\r\n            <td>RAM</td>\r\n            <td>16 Go</td>\r\n        </tr>\r\n            <tr>\r\n            <td>Processeur graphique</td>\r\n            <td>Nvidia Geforce GTX 1650 4Go</td>\r\n        </tr>\r\n            <tr>\r\n            <td>Système d\'exploitation fourni</td>\r\n            <td>Windows 10 Pro</td>\r\n        </tr>\r\n            <tr>\r\n            <td>CPU</td>\r\n            <td>AMD Ryzen 5 3600 / 3,6 GHz</td>\r\n        </tr>\r\n            <tr>\r\n            <td>Capacité 1er disque dur</td>\r\n            <td>240 Go SSD</td>\r\n        </tr>\r\n            <tr>\r\n            <td>Capacité 2eme disque dur</td>\r\n            <td>2000 Go HDD</td>\r\n        </tr>\r\n    </tbody>\r\n</table>', '2022-04-30', 'ajout'),
(3, 'Megaport PC Gamer • AMD Ryzen 5 3600 6x 3,60GHz • GeForce GTX1650 • 8Go • 1To HDD • SANS système d\\\'exploitation • 303-FR', 749, 1, 'Ce PC gaming de Megaport saura combler tous vos désirs de gamer. Ce PC est équipé de composants à la pointe de la technologie et dispose de performances inégalées afin de satisfaire les attentes des gamers même les plus exigeants. Autre avantage de cette configuration : le boîtier absolument silencieux au somptueux design. Voici les ingrédients pour un ordinateur qui saura répondre aux attentes toujours grandissantes du monde du gaming. Notre service de retour de marchandises gratuit, valable pendant toute la durée de nos deux ans de garantie constructeur apporte la touche finale à ce pack sérénité. Ici, vous êtes à la bonne adresse pour dénicher le PC gamer idéal pour joueurs aux attentes élevées.\r\n\r\nCaractéristiques:\r\n\r\n- Système d\\\'exploitation: SANS système d\\\'exploitation\r\n\r\n- Processeur: AMD Ryzen 5 3600 avec 6 coeurs et 3.6 GHz (4.2 GHz en Turbo)\r\n\r\n- Carte graphique: Nvidia GeForce GTX 1650 4Go VRAM (GDDR6, HDMI et DisplayPort)\r\n\r\n- Mémoire: 8Go DDR4 3000 MHz (ADATA/Crucial/Teamgroup)\r\n\r\n- HDD: 1 To Toshiba, SATA III,5400 U/min\r\n\r\n- Carte mère: MSI A320M-A PRO (4x USB 3.2 Gen 1 (5Go/s)/2x USB 2.0 (480Mo/s))\r\n\r\n- WiFi: Carte WiFi, jusqu\\\'à 300Mbps\r\n\r\n- Lecteur: sans\r\n\r\n- Alimentation: 400 Watt Xilence Performance (80+)\r\n\r\n- Boitier: Tour gaming Megaport Hunter LED avec 4 120mm RGB ventilateurs en bleu (2x USB 3.0 + 1x USB 2.0)\r\n\r\n- SKU: 303-FR\r\n\r\nLes illustrations font référence à la présentation du produit et peuvent différer. Veuillez noter les détails de l\\\'équipement.\r\n\r\nNos clients recoivent pour l\\\'achat d\\\'un ordinateur une garantie de 24 mois inlcus une expedition gratuite: Concernant la maintenance, on répare votre ordinateur gratuitement.\r\n\r\nMegaport PC Gamer AMD Ryzen 5 3600 6x 3,60 GHz • Nvidia GeForce GTX1650 4Go • 8Go 3000MHz DDR4 • 1To HDD • WiFi • SANS système d\\\'exploitation • Unité centrale ordinateur de bureau', '<table class=\"table w-100\">\r\n    <thead>\r\n        <tr>\r\n            <th class=\"w-25\">Informations générales sur le produit</th>\r\n        </tr>\r\n    </thead>\r\n    <tbody>\r\n        <tr>\r\n            <td>Marque</td>\r\n            <td>MEGAPORT</td>\r\n        </tr>\r\n        <tr>\r\n            <td>Nom du produit</td>\r\n            <td>Megaport PC Gamer - AMD Ryzen 5 3600 6x 3,60GHz</td>\r\n        </tr>\r\n    </tbody>\r\n</table>', '2022-04-30', 'ajout'),
(4, 'VIST PC Gaming AMD Ryzen 5 - RAM 16Go - NVIDIA GeForce GTX 1650 - SSD 512Go m.2 - Windows 10', 775, 1, 'RGB DO GIER AMD Ryzen 5 GTX 1650 16GB SSD 512 m.2 W10\r\nProcesseur: AMD Ryzen 5 1600AF - 12 x 3,6 Ghz BOX\r\nMémoire de Ram: DDR4 16GB - Mémoire haute vitesse de 2666 Mhz avec dissipateurs thermiques\r\nDisque SSD: SSD 512GB NVMe Pci-E - Plusieurs fois plus rapide que les SSD standard, avec des vitesses de lecture et d\\\'écriture de 3400/2400 Mo/s, il offre de meilleures performances.\r\nAlimentation électrique: Silent 650W 140mm - Alimentation électrique robuste certifiée 80+, filtres anti-tension, filtres anti-interférences, grand ventilateur de 140 mm\r\nConstruction: VIST RGB VR6 - La photo montre un échantillon de composition, dans un ensemble de 3 fans RGB\r\nSystème: Windows 10 Pro - Licence à vie 64 bits\r\n---PRINCIPALES CARACTÉRISTIQUES ET FONCTIONS---\r\n--Carte mère--\r\n\r\nAMD Chipset A320:\r\n\r\nCarte mère au standard ATX basée sur un chipset AMD A320 équipé d\\\'un processeur Socket AM4. La carte supporte jusqu\\\'à 32 Go de RAM DDR4 à deux canaux avec une vitesse d\\\'horloge de 3200+(OC). Il dispose d\\\'une carte son intégrée et d\\\'une carte réseau gigabit.\r\n\r\n--Mémoire de Ram--\r\n\r\nRAM à grande vitesse DDR4 16GB 2666Mhz:\r\n\r\n\r\n--Disque SSD--\r\n\r\nAdata XPG SX8200 Pro SSD 512GB nVme PCI-E 3400/2400 MB/s.:\r\n\r\nLe disque 5-10x plus rapide que le SSD standard. Le lecteur super rapide permet au système de démarrer en quelques secondes, fonctionne rapidement sur de nombreuses applications et améliore les performances et la qualite de jeux - pas de retard dû à la &quot;lecture&quot;.\r\n\r\n--Construction--\r\n\r\nVIST RGB VR6:\r\n\r\nUn boîtier très bien équipé avec d\\\'excellents paramètres de ventilation, 3 ventilateurs RGB dans le prix, panneau frontal et latéral en plexiglas transparent. Cela permet une présentation élégante de l\\\'ensemble éclairé installé au centre. Sur le bord supérieur de l\\\'élégant panneau avant se trouvent un bouton d\\\'alimentation, un bouton de réinitialisation, deux ports USB 3.0 et un ensemble de connexions audio.\r\n\r\n--Système--\r\n\r\nWindows 10 Pro FR - Licence à vie:\r\n\r\nWindows 10 est tellement connu et facile à utiliser que vous vous sentirez comme un expert. Le menu Démarrer revient sous une forme étendue, et il contient toujours des applications et des favoris, que vous pouvez donc utiliser immédiatement. Il démarre et redémarre rapidement, comporte davantage de fonctions de sécurité intégrées pour garantir votre sécurité et est conçu pour fonctionner avec le matériel et les logiciels que vous possédez déjà.\r\n\r\n---Spécification technique---\r\nProcesseur: AMD Ryzen 5 1600AF\r\nRefroidissement du CPU: AMD BOX\r\nCarte mère: AMD Chipset A320\r\nMémoire de Ram: 16 Go DDR4 2666Mhz avec dissipateurs thermiques\r\nCarte graphique: GeForce GTX 1650 4GB GDDR6\r\nDisque SSD: SSD 512GB NVMe Pci-E\r\nAlimentation électrique: 650W 80+\r\nConstruction: VIST RGB VR6\r\nSystème: Windows 10 Pro\r\n', '<table class=\"table w-100\">\r\n    <thead>\r\n        <tr>\r\n            <th class=\"w-25\">Informations générales sur le produit</th>\r\n        </tr>\r\n    </thead>\r\n    <tbody>\r\n        <tr>\r\n            <td>Nom du produit</td>\r\n            <td>VIST PC Gaming AMD Ryzen 5 - RAM 16Go - NVIDIA GeF</td>\r\n        </tr>\r\n        <tr>\r\n            <td>Capacité Disque dur</td>\r\n            <td>512 Go</td>\r\n        </tr>\r\n        <tr>\r\n            <td>RAM</td>\r\n            <td>16 Go</td>\r\n        </tr>\r\n        <tr>\r\n            <td>Processeur graphique</td>\r\n            <td>NVIDIA GeForce GTX 1650 4Go GDDR6 128Bit</td>\r\n        </tr>\r\n        <tr>\r\n            <td>CPU</td>\r\n            <td>Ryzen 5 1600 AF</td>\r\n        </tr>\r\n    </tbody>\r\n</table>', '2022-04-30', 'ajout'),
(5, 'PC Lenovo ThinkCentre M73 Tiny G3220T 2.60GHz 8Go/480Go SSD Wifi W10', 175, 2, 'Le PC de bureau Lenovo modèle ThinkCentre M73 10AX est un PC de gamme professionnelle au format Mini PC qui pourra vous accompagner sur l\\\'ensemble de vos tâches bureautiques et multimédia avancées.\r\nSa taille contenue et son faible niveau sonore font de lui un ordinateur discret sans pour autant faire l\\\'impasse sur les performances.\r\nSon processeur polyvalent et performant Intel Pentium G G3220T cadencé à 2.60GHz et disposant de 2 coeurs sera parfait pour absorber les multiples tâches que vous lui confierez. Il est équipé de 8Go de mémoire DDR3 et d\\\'un disque dur de 480Go pour stocker vos données.\r\nDoté d\\\'une large connectivité (USB3, VGA, DisplayPort, COM, Ethernet, etc.) il s\\\'adaptera sans mal à la majorité de vos équipements.\r\nGrâce à son système d\\\'exploitation Microsoft Windows 10 Professionnel 64 bits, bénéficiez des dernières fonctionnalités, de l\\\'optimisation des performances et de la sécurité.\r\n\r\nCaractéristiques techniques\r\nProcesseur : Intel Pentium G G3220T 2.60GHz - 2 Cœurs - 4 Threads - Cache 3Mo\r\nMémoire RAM installée : 8Go DDR3 SO-DIMM (Maximum autorisé = 16Go)\r\nEmplacements RAM : 2\r\nDisque dur : 480Go 2.5&quot; SSD SATA (Technologie SSD offrant de bien meilleures performances)\r\nLecteur optique : Pas de lecteur\r\nPorts USB Façade : 2x USB3\r\nPorts USB Arrière : 3x USB2\r\nSocket processeur : FCLGA1150\r\nProfil carte accepté :\r\nPorts PCI-Express x16 : 0\r\nPorts PCI-Express x8 : 0\r\nPorts PCI-Express x4 : 0\r\nPorts PCI-Express x1 : 0\r\nPorts PCI : 0\r\nPort SATA : 1\r\nPort Firewire : 0\r\nPort Imprimante (LPT1) : 0\r\nPort COM (Série) : 1\r\nPort e-SATA : 0\r\nPort PS/2 : 0\r\nSorties audio : 1x Avant\r\nEntrées audio : 1x Avant\r\nChipset : Intel H81\r\nRéseau Ethernet : Intel I217-V, Wake on LAN\r\nAlimentation interne : 65W maxi\r\nSystème d\\\'exploitation : Microsoft Windows 10 Professionnel 64 bits\r\nDimensions en cms (L x H x P) : 3.45 x 17.9 x 18.2\r\nPoids : 1.3 Kg\r\n\r\nLe matériel est entièrement testé et reconditionné par nos experts en interne.\r\n\r\nContenu du paquet\r\n- 1x Unité centrale\r\n- 1x Câble d\\\'alimentation secteur\r\n- 1x Adaptateur WIFI\r\n\r\n', '<table class=\"table w-100\">\r\n    <thead>\r\n        <tr>\r\n            <th class=\"w-25\">Informations générales sur le produit</th>\r\n        </tr>\r\n    </thead>\r\n    <tbody>\r\n        <tr>\r\n            <td>Marque</td>\r\n            <td>LENOVO</td>\r\n        </tr>\r\n        <tr>\r\n            <td>Nom du produit</td>\r\n            <td>PC Lenovo ThinkCentre M73 Tiny G3220T 2.60GHz 8Go/</td>\r\n        </tr>\r\n        <tr>\r\n            <td>Capacité disque dur</td>\r\n            <td>480Go </td>\r\n        </tr>\r\n         <tr>\r\n            <td>RAM</td>\r\n            <td>8Go DDR3 SO-DIMM (Maximum autorisé = 16Go)</td>\r\n        </tr>\r\n         <tr>\r\n            <td>Processeur</td>\r\n            <td>Intel Pentium G G3220T 2.60GHz - 2 Cœurs</td>\r\n        </tr>\r\n            \r\n    </tbody>\r\n</table>', '2022-04-30', 'ajout'),
(6, 'PC Portable HP Laptop 17-cp0274nf - 17,3\\\'\\\' HD+ - AMD 3000 Series 3020E / 1.2 GHz - RAM 4 Go - Stockage 128 Go SSD - Windows 10', 299, 3, 'L\\\'achat de ce produit vous permet d\\\'obtenir Norton 360 Deluxe pendant 1 an gratuitement ! Une fois votre commande validée, vous recevrez un e-mail de la part de notre &quot;Service Client&quot; sous 24h. PC Portable HP Laptop 17-cp0274nf - 17,3\\\'\\\' HD+ - AMD 3000 Series 3020E / 1.2 GHz - RAM 4 Go - Stockage 128 Go SSD - Windows 10 - AZERTY', '<table class=\"table w-100\">\r\n    <thead>\r\n        <tr>\r\n            <th class=\"w-25\">Informations générales sur le produit</th>\r\n        </tr>\r\n    </thead>\r\n    <tbody>\r\n        <tr>\r\n            <td>Marque</td>\r\n            <td>HP</td>\r\n        </tr>\r\n        <tr>\r\n            <td>Nom du produit</td>\r\n            <td>PC Portable HP Laptop 17-cp0274nf - 17,3\'\' HD+ - A</td>\r\n        </tr>\r\n        <tr>\r\n            <td>Référence</td>\r\n            <td>4N8V4EA#ABF</td>\r\n        </tr>\r\n        <tr>\r\n            <td>CPU</td>\r\n            <td>AMD 3000 Series 3020E / 1.2 GHz</td>\r\n        </tr>\r\n        <tr>\r\n            <td>Résolution</td>\r\n            <td>1600 x 900 (HD+)</td>\r\n        </tr>\r\n        <tr>\r\n            <td>RAM</td>\r\n            <td>4 Go DDR4 (1 x 4 Go (non accessible au client/améliorable))</td>\r\n        </tr>\r\n        <tr>\r\n            <td>Capacité batterie</td>\r\n            <td>41 Wh Jusqu\'à 7.25 heures</td>\r\n        </tr>\r\n        <tr>\r\n            <td>Poids</td>\r\n            <td>2.07 kg\r\n</td>\r\n        </tr>\r\n        <tr>\r\n            <td>Dimensions (LxPxH)	</td>\r\n            <td>40.07 cm x 25.78 cm x 2.06 cm</td>\r\n        </tr>\r\n    </tbody>\r\n</table>', '2022-04-30', 'ajout'),
(3, 'Megaport PC Gamer • AMD Ryzen 5 3600 6x 3,60GHz • GeForce GTX1650 • 8Go • 1To HDD • SANS système d\\\'exploitation • 303-FR', 700, 1, 'Ce PC gaming de Megaport saura combler tous vos désirs de gamer. Ce PC est équipé de composants à la pointe de la technologie et dispose de performances inégalées afin de satisfaire les attentes des gamers même les plus exigeants. Autre avantage de cette configuration : le boîtier absolument silencieux au somptueux design. Voici les ingrédients pour un ordinateur qui saura répondre aux attentes toujours grandissantes du monde du gaming. Notre service de retour de marchandises gratuit, valable pendant toute la durée de nos deux ans de garantie constructeur apporte la touche finale à ce pack sérénité. Ici, vous êtes à la bonne adresse pour dénicher le PC gamer idéal pour joueurs aux attentes élevées.\r\n\r\nCaractéristiques:\r\n\r\n- Système d\\\'exploitation: SANS système d\\\'exploitation\r\n\r\n- Processeur: AMD Ryzen 5 3600 avec 6 coeurs et 3.6 GHz (4.2 GHz en Turbo)\r\n\r\n- Carte graphique: Nvidia GeForce GTX 1650 4Go VRAM (GDDR6, HDMI et DisplayPort)\r\n\r\n- Mémoire: 8Go DDR4 3000 MHz (ADATA/Crucial/Teamgroup)\r\n\r\n- HDD: 1 To Toshiba, SATA III,5400 U/min\r\n\r\n- Carte mère: MSI A320M-A PRO (4x USB 3.2 Gen 1 (5Go/s)/2x USB 2.0 (480Mo/s))\r\n\r\n- WiFi: Carte WiFi, jusqu\\\'à 300Mbps\r\n\r\n- Lecteur: sans\r\n\r\n- Alimentation: 400 Watt Xilence Performance (80+)\r\n\r\n- Boitier: Tour gaming Megaport Hunter LED avec 4 120mm RGB ventilateurs en bleu (2x USB 3.0 + 1x USB 2.0)\r\n\r\n- SKU: 303-FR\r\n\r\nLes illustrations font référence à la présentation du produit et peuvent différer. Veuillez noter les détails de l\\\'équipement.\r\n\r\nNos clients recoivent pour l\\\'achat d\\\'un ordinateur une garantie de 24 mois inlcus une expedition gratuite: Concernant la maintenance, on répare votre ordinateur gratuitement.\r\n\r\nMegaport PC Gamer AMD Ryzen 5 3600 6x 3,60 GHz • Nvidia GeForce GTX1650 4Go • 8Go 3000MHz DDR4 • 1To HDD • WiFi • SANS système d\\\'exploitation • Unité centrale ordinateur de bureau', '<table class=\"table w-100\">\r\n    <thead>\r\n        <tr>\r\n            <th class=\"w-25\">Informations générales sur le produit</th>\r\n        </tr>\r\n    </thead>\r\n    <tbody>\r\n        <tr>\r\n            <td>Marque</td>\r\n            <td>MEGAPORT</td>\r\n        </tr>\r\n        <tr>\r\n            <td>Nom du produit</td>\r\n            <td>Megaport PC Gamer - AMD Ryzen 5 3600 6x 3,60GHz</td>\r\n        </tr>\r\n    </tbody>\r\n</table>', '2022-04-30', 'MAJ'),
(3, 'Megaport PC Gamer • AMD Ryzen 5 3600 6x 3,60GHz • GeForce GTX1650 • 8Go • 1To HDD • SANS système d\\\'exploitation • 303-FR', 750, 1, 'Ce PC gaming de Megaport saura combler tous vos désirs de gamer. Ce PC est équipé de composants à la pointe de la technologie et dispose de performances inégalées afin de satisfaire les attentes des gamers même les plus exigeants. Autre avantage de cette configuration : le boîtier absolument silencieux au somptueux design. Voici les ingrédients pour un ordinateur qui saura répondre aux attentes toujours grandissantes du monde du gaming. Notre service de retour de marchandises gratuit, valable pendant toute la durée de nos deux ans de garantie constructeur apporte la touche finale à ce pack sérénité. Ici, vous êtes à la bonne adresse pour dénicher le PC gamer idéal pour joueurs aux attentes élevées.\r\n\r\nCaractéristiques:\r\n\r\n- Système d\\\'exploitation: SANS système d\\\'exploitation\r\n\r\n- Processeur: AMD Ryzen 5 3600 avec 6 coeurs et 3.6 GHz (4.2 GHz en Turbo)\r\n\r\n- Carte graphique: Nvidia GeForce GTX 1650 4Go VRAM (GDDR6, HDMI et DisplayPort)\r\n\r\n- Mémoire: 8Go DDR4 3000 MHz (ADATA/Crucial/Teamgroup)\r\n\r\n- HDD: 1 To Toshiba, SATA III,5400 U/min\r\n\r\n- Carte mère: MSI A320M-A PRO (4x USB 3.2 Gen 1 (5Go/s)/2x USB 2.0 (480Mo/s))\r\n\r\n- WiFi: Carte WiFi, jusqu\\\'à 300Mbps\r\n\r\n- Lecteur: sans\r\n\r\n- Alimentation: 400 Watt Xilence Performance (80+)\r\n\r\n- Boitier: Tour gaming Megaport Hunter LED avec 4 120mm RGB ventilateurs en bleu (2x USB 3.0 + 1x USB 2.0)\r\n\r\n- SKU: 303-FR\r\n\r\nLes illustrations font référence à la présentation du produit et peuvent différer. Veuillez noter les détails de l\\\'équipement.\r\n\r\nNos clients recoivent pour l\\\'achat d\\\'un ordinateur une garantie de 24 mois inlcus une expedition gratuite: Concernant la maintenance, on répare votre ordinateur gratuitement.\r\n\r\nMegaport PC Gamer AMD Ryzen 5 3600 6x 3,60 GHz • Nvidia GeForce GTX1650 4Go • 8Go 3000MHz DDR4 • 1To HDD • WiFi • SANS système d\\\'exploitation • Unité centrale ordinateur de bureau', '<table class=\"table w-100\">\r\n    <thead>\r\n        <tr>\r\n            <th class=\"w-25\">Informations générales sur le produit</th>\r\n        </tr>\r\n    </thead>\r\n    <tbody>\r\n        <tr>\r\n            <td>Marque</td>\r\n            <td>MEGAPORT</td>\r\n        </tr>\r\n        <tr>\r\n            <td>Nom du produit</td>\r\n            <td>Megaport PC Gamer - AMD Ryzen 5 3600 6x 3,60GHz</td>\r\n        </tr>\r\n    </tbody>\r\n</table>', '2022-04-30', 'MAJ'),
(7, 'Ecran PC Gamer - ACER Nitro VG240YSbmiipx - 23,8&quot; FHD - Dalle IPS - 1ms - 165Hz - 2xHDMI / DP - AMD FreeSync - Noir', 170, 4, 'Ecran LCD à rétroéclairage LED / matrice active TFT\r\nInterfaces : 2 x HDMI, DisplayPort\r\nRésolution native : Full HD (1080p) 1920 x 1080 à 144 Hz\r\nTemps de réponse : 1 ms (VRB)\r\nType de panneau : IPS\r\nLuminosité : 250 cd/m²\r\nRapport de contraste : 100000000:1 (dynamique)', '<table class=\"table w-100\">\r\n    <thead>\r\n        <tr>\r\n            <th class=\"w-25\">Informations générales sur le produit</th>\r\n        </tr>\r\n    </thead>\r\n    <tbody>\r\n        <tr>\r\n            <td>Marque</td>\r\n            <td>ACER</td>\r\n        </tr>\r\n        <tr>\r\n            <td>Nom du produit</td>\r\n            <td>Ecran PC Gamer - ACER Nitro VG240YSbmiipx - 23,8\"</td>\r\n        </tr>\r\n        <tr>\r\n            <td>Référence</td>\r\n            <td>UM.QV0EE.S01</td>\r\n        </tr>\r\n</table>', '2022-04-30', 'ajout'),
(8, 'Ecran PC Gamer - SAMSUNG ODYSSEY G3 - LF27G35TFWUXEN - 27&quot; FHD - Dalle VA - 1ms - 144Hz - FreeSync Premium', 220, 4, 'Ecran LCD à rétroéclairage LED / matrice active TFT\r\nInterfaces : VGA, DisplayPort 1.2, HDMI, Casque\r\nRésolution native : Full HD (1080p) 1920 x 1080 à 144 Hz\r\nTemps de réponse : 1 ms (MPRT)\r\nType de panneau : VA\r\nLuminosité : 250 cd/m²\r\nRapport de contraste : 4000:1', '<table class=\"table w-100\">\r\n    <thead>\r\n        <tr>\r\n            <th class=\"w-25\">Informations générales sur le produit</th>\r\n        </tr>\r\n    </thead>\r\n    <tbody>\r\n        <tr>\r\n            <td>Marque</td>\r\n            <td>SAMSUNG</td>\r\n        </tr>\r\n        <tr>\r\n            <td>Nom du produit</td>\r\n            <td>Ecran PC Gamer - SAMSUNG ODYSSEY G3 - LF27G35TFWUX</td>\r\n        </tr>\r\n        <tr>\r\n            <td>Référence</td>\r\n            <td>LF27G35TFWUXEN</td>\r\n        </tr>\r\n        <tr>\r\n            <td>Résolution</td>\r\n            <td>Full HD (1080p) 1920 x 1080 à 144 Hz</td>\r\n        </tr>\r\n        <tr>\r\n            <td>Temps de réponse	</td>\r\n            <td>1 ms (MPRT)</td>\r\n        </tr>\r\n        <tr>\r\n            <td>Taille de la diagonale	</td>\r\n            <td>27\"</td>\r\n        </tr>\r\n    </tbody>\r\n</table>', '2022-04-30', 'ajout'),
(8, 'Ecran PC Gamer - SAMSUNG ODYSSEY G3 - LF27G35TFWUXEN - 27&quot; FHD - Dalle VA - 1ms - 144Hz - FreeSync Premium', 220, 4, 'Ecran LCD à rétroéclairage LED / matrice active TFT\r\nInterfaces : VGA, DisplayPort 1.2, HDMI, Casque\r\nRésolution native : Full HD (1080p) 1920 x 1080 à 144 Hz\r\nTemps de réponse : 1 ms (MPRT)\r\nType de panneau : VA\r\nLuminosité : 250 cd/m²\r\nRapport de contraste : 4000:1', '<table class=\"table w-100\">\r\n    <thead>\r\n        <tr>\r\n            <th class=\"w-25\">Informations générales sur le produit</th>\r\n        </tr>\r\n    </thead>\r\n    <tbody>\r\n        <tr>\r\n            <td>Marque</td>\r\n            <td>SAMSUNG</td>\r\n        </tr>\r\n        <tr>\r\n            <td>Nom du produit</td>\r\n            <td>Ecran PC Gamer - SAMSUNG ODYSSEY G3 - LF27G35TFWUX</td>\r\n        </tr>\r\n        <tr>\r\n            <td>Référence</td>\r\n            <td>LF27G35TFWUXEN</td>\r\n        </tr>\r\n        <tr>\r\n            <td>Résolution</td>\r\n            <td>Full HD (1080p) 1920 x 1080 à 144 Hz</td>\r\n        </tr>\r\n        <tr>\r\n            <td>Temps de réponse	</td>\r\n            <td>1 ms (MPRT)</td>\r\n        </tr>\r\n        <tr>\r\n            <td>Taille de la diagonale	</td>\r\n            <td>27\"</td>\r\n        </tr>\r\n    </tbody>\r\n</table>', '2022-04-30', 'MAJ'),
(8, 'Ecran PC Gamer - SAMSUNG ODYSSEY G3 - LF27G35TFWUXEN - 27&quot; FHD - Dalle VA - 1ms - 144Hz - FreeSync Premium', 220, 4, 'Ecran LCD à rétroéclairage LED / matrice active TFT\r\nInterfaces : VGA, DisplayPort 1.2, HDMI, Casque\r\nRésolution native : Full HD (1080p) 1920 x 1080 à 144 Hz\r\nTemps de réponse : 1 ms (MPRT)\r\nType de panneau : VA\r\nLuminosité : 250 cd/m²\r\nRapport de contraste : 4000:1', '<table class=\"table w-100\">\r\n    <thead>\r\n        <tr>\r\n            <th class=\"w-25\">Informations générales sur le produit</th>\r\n        </tr>\r\n    </thead>\r\n    <tbody>\r\n        <tr>\r\n            <td>Marque</td>\r\n            <td>SAMSUNG</td>\r\n        </tr>\r\n        <tr>\r\n            <td>Nom du produit</td>\r\n            <td>Ecran PC Gamer - SAMSUNG ODYSSEY G3 - LF27G35TFWUX</td>\r\n        </tr>\r\n        <tr>\r\n            <td>Référence</td>\r\n            <td>LF27G35TFWUXEN</td>\r\n        </tr>\r\n        <tr>\r\n            <td>Résolution</td>\r\n            <td>Full HD (1080p) 1920 x 1080 à 144 Hz</td>\r\n        </tr>\r\n        <tr>\r\n            <td>Temps de réponse	</td>\r\n            <td>1 ms (MPRT)</td>\r\n        </tr>\r\n        <tr>\r\n            <td>Taille de la diagonale	</td>\r\n            <td>27\"</td>\r\n        </tr>\r\n    </tbody>\r\n</table>', '2022-04-30', 'MAJ'),
(8, 'Ecran PC Gamer - SAMSUNG ODYSSEY G3 - LF27G35TFWUXEN - 27&quot; FHD - Dalle VA - 1ms - 144Hz - FreeSync Premium', 220, 4, 'Ecran LCD à rétroéclairage LED / matrice active TFT\r\nInterfaces : VGA, DisplayPort 1.2, HDMI, Casque\r\nRésolution native : Full HD (1080p) 1920 x 1080 à 144 Hz\r\nTemps de réponse : 1 ms (MPRT)\r\nType de panneau : VA\r\nLuminosité : 250 cd/m²\r\nRapport de contraste : 4000:1', '<table class=\"table w-100\">\r\n    <thead>\r\n        <tr>\r\n            <th class=\"w-25\">Informations générales sur le produit</th>\r\n        </tr>\r\n    </thead>\r\n    <tbody>\r\n        <tr>\r\n            <td>Marque</td>\r\n            <td>SAMSUNG</td>\r\n        </tr>\r\n        <tr>\r\n            <td>Nom du produit</td>\r\n            <td>Ecran PC Gamer - SAMSUNG ODYSSEY G3 - LF27G35TFWUX</td>\r\n        </tr>\r\n        <tr>\r\n            <td>Référence</td>\r\n            <td>LF27G35TFWUXEN</td>\r\n        </tr>\r\n        <tr>\r\n            <td>Résolution</td>\r\n            <td>Full HD (1080p) 1920 x 1080 à 144 Hz</td>\r\n        </tr>\r\n        <tr>\r\n            <td>Temps de réponse	</td>\r\n            <td>1 ms (MPRT)</td>\r\n        </tr>\r\n        <tr>\r\n            <td>Taille de la diagonale	</td>\r\n            <td>27\"</td>\r\n        </tr>\r\n    </tbody>\r\n</table>', '2022-04-30', 'MAJ'),
(8, 'Ecran PC Gamer - SAMSUNG ODYSSEY G3 - LF27G35TFWUXEN - 27&quot; FHD - Dalle VA - 1ms - 144Hz - FreeSync Premium', 220, 4, 'Ecran LCD à rétroéclairage LED / matrice active TFT\r\nInterfaces : VGA, DisplayPort 1.2, HDMI, Casque\r\nRésolution native : Full HD (1080p) 1920 x 1080 à 144 Hz\r\nTemps de réponse : 1 ms (MPRT)\r\nType de panneau : VA\r\nLuminosité : 250 cd/m²\r\nRapport de contraste : 4000:1', '<table class=\"table w-100\">\r\n    <thead>\r\n        <tr>\r\n            <th class=\"w-25\">Informations générales sur le produit</th>\r\n        </tr>\r\n    </thead>\r\n    <tbody>\r\n        <tr>\r\n            <td>Marque</td>\r\n            <td>SAMSUNG</td>\r\n        </tr>\r\n        <tr>\r\n            <td>Nom du produit</td>\r\n            <td>Ecran PC Gamer - SAMSUNG ODYSSEY G3 - LF27G35TFWUX</td>\r\n        </tr>\r\n        <tr>\r\n            <td>Référence</td>\r\n            <td>LF27G35TFWUXEN</td>\r\n        </tr>\r\n        <tr>\r\n            <td>Résolution</td>\r\n            <td>Full HD (1080p) 1920 x 1080 à 144 Hz</td>\r\n        </tr>\r\n        <tr>\r\n            <td>Temps de réponse	</td>\r\n            <td>1 ms (MPRT)</td>\r\n        </tr>\r\n        <tr>\r\n            <td>Taille de la diagonale	</td>\r\n            <td>27\"</td>\r\n        </tr>\r\n    </tbody>\r\n</table>', '2022-04-30', 'MAJ'),
(9, 'ACER Nitro VG220Qbmiix - Ecran Gamer 21,5&quot; - FHD - Dalle IPS - 1ms - 75Hz - VGA / HDMI - AMD FreeSync', 130, 4, 'Ecran LCD à rétroéclairage LED / matrice active TFT\r\nInterfaces : 2 x HDMI, VGA, Sortie de ligne audio\r\nRésolution native : Full HD (1080p) 1920 x 1080 à 75 Hz\r\nTemps de réponse : 1 ms (MPRT)\r\nType de panneau : IPS\r\nLuminosité : 250 cd/m²\r\nRapport de contraste : 100000000:1 (dynamique)', '<table class=\"table w-100\">\r\n    <thead>\r\n        <tr>\r\n            <th class=\"w-25\">Informations générales sur le produit</th>\r\n        </tr>\r\n    </thead>\r\n    <tbody>\r\n        <tr>\r\n            <td>Marque</td>\r\n            <td>ACER</td>\r\n        </tr>\r\n        <tr>\r\n            <td>Nom du produit</td>\r\n            <td>ACER Nitro VG220Qbmiix - Ecran Gamer 21,5\" - FHD -</td>\r\n        </tr>\r\n        <tr>\r\n            <td>Référence</td>\r\n            <td>UM.WV0EE.006</td>\r\n        </tr>\r\n        <tr>\r\n            <td>Résolution </td>\r\n            <td>Full HD (1080p) 1920 x 1080 à 75 Hz</td>\r\n        </tr>\r\n        <tr>\r\n            <td>Taille de la diagonale</td>\r\n            <td>21.5\"</td>\r\n        </tr>\r\n        <tr>\r\n            <td>Poids</td>\r\n            <td>3.25 kg</td>\r\n        </tr>\r\n    </tbody>\r\n</table>', '2022-04-30', 'ajout'),
(10, 'AUKEY Clavier Gamer Mécanique Rétro-éclairé LED RGB, Bleu Switches, 100% Anti-ghosting, 105 Touches Clavier Gaming Français KM-G12', 23, 5, 'L’AUKEY KM-G12 est doté de commutateurs Outemu Blue, qui ont une réponse tactile et audible claire au moment de l’activation. Cela rend les touches de fond inutiles et accélère la frappe, par rapport aux claviers à membrane et à dôme en caoutchouc typiques. Le retour tactile précis et le son distinct du « clic » audible se combinent pour un tout nouveau niveau d’efficacité et de satisfaction de frappe.\r\nLe KM-G12 est équipé de 7 préréglages de couleurs et de 12 préréglages de configuration d’éclairage. Le logiciel G-aim vous donne un accès complet au spectre RVB de 16,8 millions de couleurs et à de nombreuses autres options de personnalisation.\r\n\r\nAUKEY Blue Switches\r\n\r\nCaractérisés par un retour tactile précis et un déplacement satisfaisant avec un son de « clic » audible.\r\n\r\n• Clic tactile et audible\r\n• 50 cN de force de manoeuvre\r\n• Pré-course de 1.9 mm\r\n• Course totale de 4.0 mm', '<table class=\"table w-100\">\r\n    <thead>\r\n        <tr>\r\n            <th class=\"w-25\">Informations générales sur le produit</th>\r\n        </tr>\r\n    </thead>\r\n    <tbody>\r\n        <tr>\r\n            <td>Marque</td>\r\n            <td>AUKEY</td>\r\n        </tr>\r\n        <tr>\r\n            <td>Nom du produit</td>\r\n            <td>AUKEY Clavier Gamer Mécanique Rétro-éclairé LED RG</td>\r\n        </tr>\r\n        <tr>\r\n            <td>Largeur</td>\r\n            <td>43.3 cm</td>\r\n        </tr>\r\n    </tbody>\r\n</table>', '2022-04-30', 'ajout'),
(11, 'K80 clavier mécanique filaire clavier gamer mecanique l\\\'axe cyan panneau métallique lumineux ordinateur de bureau Noir', 25, 5, 'Mode d’éclairage : respiration/de bas en haut/de haut en bas/diffusion/adduction/étiqueteur/rangée à point unique/Ambilight/mode constant\r\nJeux et divertissements de bureau pratiques : avec boutons multimédias, clavier de jeu, style extase en un coup d’œil, jeux et divertissements de bureau pratiques.\r\nRésistant à l’usure et pas facile à décolorer : Utilize 2 couleurs en plastique et se composent de particules ABS d’origine de qualité technique. Les personnages résistent à l’abrasion et ne se décolorent pas facilement.\r\nLongue durée de vie : les touches ont une texture délicate, aucune empreinte digitale et une durée de vie plus longue.\r\nFonctionnement pratique : ce clavier a adopté le corps d’onde mécanique standard national, qui a un bon effet d’élasticité, un sens de paragraphe fort et une sensation de fonctionnement confortable.\r\nConception ergonomique : La hauteur des touches du clavier est basée sur l’ergonomie et n’est pas facile à fatiguer après une utilisation prolongée.', '<table class=\"table w-100\">\r\n    <thead>\r\n        <tr>\r\n            <th class=\"w-25\">Informations générales sur le produit</th>\r\n        </tr>\r\n    </thead>\r\n    <tbody>\r\n        <tr>\r\n            <td>Marque</td>\r\n            <td>BEICHEN</td>\r\n        </tr>\r\n        <tr>\r\n            <td>Nom du produit</td>\r\n            <td>K80 clavier mécanique filaire clavier gamer mecani</td>\r\n        </tr>\r\n    </tbody>\r\n</table>', '2022-04-30', 'ajout'),
(12, 'LOGITECH G - Souris gaming sans fil G502 Lightspeed - Noir', 85, 6, 'Poids : 114 g\r\nInterfaces : 1 x USB - USB de type A 4 broches', '<table class=\"table w-100\">\r\n    <thead>\r\n        <tr>\r\n            <th class=\"w-25\">Informations générales sur le produit</th>\r\n        </tr>\r\n    </thead>\r\n    <tbody>\r\n        <tr>\r\n            <td>Marque</td>\r\n            <td>LOGITECH</td>\r\n        </tr>\r\n        <tr>\r\n            <td>Nom du produit</td>\r\n            <td>LOGITECH G - Souris gaming sans fil G502 Lightspeed - Noir</td>\r\n        </tr>\r\n        <tr>\r\n            <td>Référence</td>\r\n            <td>910-005568</td>\r\n        </tr>\r\n            <tr>\r\n            <td>Garantie</td>\r\n            <td>2 ans</td>\r\n        </tr>\r\n        <tr>\r\n            <td>Performances</td>\r\n            <td>Temps de réponse 1 ms, accélération maximum 40 G, jusqu\'à 400 pouces par seconde, taux de report : 1000 Hz, commutation de la sensibilité en temps réel 100 - 25 600 ppp</td>\r\n        </tr>\r\n    </tbody>\r\n</table>', '2022-04-30', 'ajout'),
(13, 'Souris gaming sans fil LIGHTSPEED G305', 39, 6, 'Couleur : Noir\r\nPoids : 99 g\r\nAutonomie (max.) : 250 heure(s)\r\nInterfaces : 1 x USB - USB de type A 4 broches\r\nElle est dotée de fonctionnalités avancées: capteur optique HERO parfait pour la compétition, technologie sans fil LIGHTSPEED plus rapide que les systèmes filaires, ultra-légère et compacte pour une meilleure portabilité et une meilleure maniabilité, le tout dans un ensemble abordable.\r\nLa souris G305 dispose d\\\'une autonomie continue de 250 heures de jeu fournie par une seule pile AA en mode Performance.\r\nLe capteur HERO de nouvelle génération offre des performances, une précision et une réactivité exceptionnelles, avec une sensibilité pouvant atteindre 12 000 ppp.\r\nLIGHTSPEED vous offre une expérience de jeu incroyablement réactive et fiable sans latence avec un taux de rapport ultra-rapide de 1 ms pour des performances de niveau compétition.', '<table class=\"table w-100\">\r\n    <thead>\r\n        <tr>\r\n            <th class=\"w-25\">Informations générales sur le produit</th>\r\n        </tr>\r\n    </thead>\r\n    <tbody>\r\n        <tr>\r\n            <td>Marque</td>\r\n            <td>	LOGITECH</td>\r\n        </tr>\r\n        <tr>\r\n            <td>Nom du produit</td>\r\n            <td>	LOGITECH G - Souris Gaming sans fil G305 LIGHTSPEE</td>\r\n        </tr>\r\n        <tr>\r\n            <td>Poids</td>\r\n            <td>99 g</td>\r\n        </tr>\r\n            <tr>\r\n            <td>Largeur</td>\r\n            <td>6.215 cm</td>\r\n        </tr>\r\n        <tr>\r\n            <td>Profondeur</td>\r\n            <td>3.82 cm</td>\r\n        </tr>\r\n        <tr>\r\n            <td>Hauteur</td>\r\n            <td>11.66 cm</td>\r\n        </tr>\r\n        <tr>\r\n            <td>Autonomie (max.)</td>\r\n            <td>250 heure(s)</td>\r\n        </tr>\r\n        <tr>\r\n            <td>Nombre de boutons	</td>\r\n            <td>6</td>\r\n        </tr>\r\n    </tbody>\r\n</table>', '2022-04-30', 'ajout'),
(14, 'LOGITECH - Souris Gamer Sans Fil G Pro - Noir', 89, 6, 'Au terme de deux années passées à recueillir les commentaires de plus de 50 joueurs professionnels d\\\'eSports, nous avons conçu la souris gaming sans fil PRO de manière à répondre aux exigences strictes de certains des plus grands professionnels d\\\'eSports du monde.\r\nNotre capteur HERO 25K suit les mouvements ultra-rapides à des vitesses supérieures à 400 IPS. Obtenez des performances optimales quelle que soit la résolution, sans aucun lissage ou filtrage.\r\n\r\n\r\nSouris sans fil LIGHTSPEED\r\nNotre technologie sans fil innovante ne connaît aucun problème de latence,de connectivité oude puissance et offre une connexion stable et sans décalage ainsi qu\\\'un taux de rapport ultra-rapide d\\\'1 ms.\r\n\r\n\r\nUltra légère\r\nNotre design innovant avec un endosquelette ne pèse que 80 g. Grâce à sa coque fine, son design innovant et sa batterie, la souris offre une facilité d\\\'utilisation parfaite pour les tournois.\r\n\r\n\r\n6 boutons programmables\r\nUtilisez la souris PRO sans fil prête à l\\\'emploi avec des paramètres de bouton prédéfinis ou configurez vos préférences personnalisées dans l\\\'Assistant pour jeux vidéo de Logitech.\r\n\r\n\r\nLIGHTSYNC RVB\r\nFaites votre choix parmi 16,8 millions de couleurs environ pour personnaliser l\\\'éclairage afin de représenter les couleurs de votre équipe ou de synchroniser l\\\'éclairage avec d\\\'autres produits G.\r\n6 boutons programmables\r\nLa technologie avancée et les caractéristiques hautes performances, conçues avec des joueurs professionnels du monde entier, offrent la vitesse et la précision nécessaires pour gagner.\r\n\r\n', '<table class=\"table w-100\">\r\n    <thead>\r\n        <tr>\r\n            <th class=\"w-25\">Informations générales sur le produit</th>\r\n        </tr>\r\n    </thead>\r\n    <tbody>\r\n        <tr>\r\n            <td>Marque</td>\r\n            <td>LOGITECH</td>\r\n        </tr>\r\n        <tr>\r\n            <td>Nom du produit</td>\r\n            <td>LOGITECH - Souris Gamer Sans Fil G Pro - Noir</td>\r\n        </tr>\r\n        <tr>\r\n            <td>Référence</td>\r\n            <td>	910005273</td>\r\n        </tr>\r\n            <tr>\r\n            <td>Poids</td>\r\n            <td>80 g</td>\r\n        </tr>\r\n        <tr>\r\n            <td>Largeur</td>\r\n            <td>6.35 cm</td>\r\n        </tr>\r\n        <tr>\r\n            <td>Profondeur</td>\r\n            <td>12.5 cm</td>\r\n        </tr>\r\n        <tr>\r\n            <td>Hauteur</td>\r\n            <td>4 cm</td>\r\n        </tr>\r\n        <tr>\r\n            <td>Autonomie (max.)</td>\r\n            <td>60 heures</td>\r\n        </tr>\r\n    </tbody>\r\n</table>', '2022-04-30', 'ajout'),
(15, 'LOGITECH G - Casque Gaming sans fil G935 LIGHTSYNC avec son surround 7.1 - Noir', 129, 7, 'Les grands transducteurs Pro-G 50 mm et le son surround DTS Headphone:X 2.0 créent une expérience de jeu immersive. Entendez les parties subtiles et explosives de votre jeu dans un environnement sonore 3D positionnel précis.\r\nJouez sans fil pendant 12 heures avec une liberté de mouvement totale grâce à la puissance du 2,4GHz sans fil. Ajoutez égalment une source audio supplémentaire au mélange grâce au câble 3,5 mm inclus.\r\nProfitez d\\\'un son complet. Les transducteurs audio Pro-G 50 mm sont fabriqués à partir d\\\'un maillage hybride propriétaire.\r\nProgrammez l\\\'éclairage en fonction de votre pièce ou de votre équipement. Ou laissez environ 16,8 millions de couleurs RVB qui s\\\'adaptent à vos actions en jeu, au son ou à la couleur de l\\\'écran.\r\nEntendez les ennemis se faufiler derrière vous, les indices de pouvoirs spéciaux, ainsi que les environnements immersifs à l\\\'aide de la clarté de position.\r\nProfitez de communications vocales d\\\'une clarté et d\\\'une précision exceptionnelles grâce au gros micro à tige de 6 mm.', '<table class=\"table w-100\">\r\n    <thead>\r\n        <tr>\r\n            <th class=\"w-25\">Informations générales sur le produit</th>\r\n        </tr>\r\n    </thead>\r\n    <tbody>\r\n        <tr>\r\n            <td>Marque</td>\r\n            <td>LOGITECH </td>\r\n        </tr>\r\n        <tr>\r\n            <td>Nom du produit</td>\r\n            <td>LOGITECH G - Casque Gaming sans fil G935 LIGHTSYNC</td>\r\n        </tr>\r\n        <tr>\r\n            <td>Référence</td>\r\n            <td>981000744</td>\r\n        </tr>\r\n        <tr>\r\n            <td>Poids</td>\r\n            <td>379 g</td>\r\n        </tr>\r\n        <tr>\r\n            <td>Sensibilité</td>\r\n            <td>93 dB</td>\r\n        </tr>\r\n        <tr>\r\n            <td>Impédance</td>\r\n            <td>39 Ohm</td>\r\n        </tr>\r\n    </tbody>\r\n</table>', '2022-04-30', 'ajout'),
(16, 'Casque Gaming filaire - LOGITECH - G PRO X - avec micro - Noir', 84, 7, 'Découvrez le casque gaming ultime, conçu avec et pour les professionnels eSports. Entendez comme les pros avec les transducteurs PRO-G 50mm. Faites-vous entendre comme les pros avec la technologie avancée de microphone Blue VO!CE. Jouez pour gagner.\r\nLe micro détachable 6mm Blue VO!CE ajuste votre voix en temps réel pour la rendre plus claire avec une réduction des bruits, une compression, un de-esser avancés, et bien plus encore.\r\nProfitez d\\\'une précision positionnelle améliorée en jeu grâce au son DTS Headphone:X 2.0 pour canaux 7.1 et un son surround orienté objet.\r\nNous avons inclus deux paires d\\\'oreillettes douces en mousse à mémoire de forme: similicuir à réduction de bruit + velours respirant.\r\nLe casque PRO X est conçu pour durer avec des arceaux premium en aluminium et un cadre de bandeau robuste en acier, doté d\\\'un rembourrage confortable et durable.', '<table class=\"table w-100\">\r\n    <thead>\r\n        <tr>\r\n            <th class=\"w-25\">Informations générales sur le produit</th>\r\n        </tr>\r\n    </thead>\r\n    <tbody>\r\n        <tr>\r\n            <td>Marque</td>\r\n            <td>	LOGITECH</td>\r\n        </tr>\r\n        <tr>\r\n            <td>Nom du produit</td>\r\n            <td>Casque Gaming filaire - LOGITECH - G PRO X</td>\r\n        </tr>\r\n        <tr>\r\n            <td>Référence</td>\r\n            <td>981-000818</td>\r\n        </tr>\r\n        <tr>\r\n            <td>Poids</td>\r\n            <td>320 g</td>\r\n        </tr>\r\n        <tr>\r\n            <td>Sensibilité</td>\r\n            <td>91.7 dB</td>\r\n        </tr>\r\n        <tr>\r\n            <td>Impédance</td>\r\n            <td>	35 Ohm</td>\r\n        </tr>\r\n    </tbody>\r\n</table>', '2022-04-30', 'ajout'),
(17, 'Casque Gaming Casque Gamer pour PS4 Xbox One Nintendo Switch PC Son 7.1 Surround Isolation Fortes Basses', 20, 1, 'Compatible avec une variété de plateformes: compatible PlayStation 4, New Xbox one, PC, Nintendo 3DS, portable, PSP, tablette, iPad, PC, téléphone mobile.Notez que lorsque vous vous connectez à une version plus ancienne du pilote Xbox one, vous avez besoin d’un adaptateur Microsoft supplémentaire (non inclus).\r\nSon surround stéréo ultra – basse: son clair avec laiton puissant, isolation sonore ambiante exceptionnelle et 1.575 “contrôleur magnétique néodyme de haute précision, positionnement sonore précis, amélioration de la sensibilité de l’unit é de haut – parleur, pour vous fournir un champ sonore vivant, son clair,Impact sonoreIdéal pour toutes sortes de jeux comme HALO 5 Guardian, metal Equipment Solid, Call of Duty, Star Wars front, overwatch, World of Warcraft Legion, etc.\r\nMicrophone insonorisé: le microphone Omni directionnel intégré transmet des communications de haute qualité, possède des fonctions de dissimulation de haute qualité, peut capter le son très sensible et éliminer le bruit, vous permettant de transmettre ou de recevoir des informations clairement dans le jeu.La conception du microphone est longue et flexible, ce qui facilite le réglage de l’angle du microphone.\r\n[conception sexuelle adulte] coussin supérieur confortable et respirable, coussin protéique sur l’oreille, poutre de tête Multi – hochet, lacets ergonomiques pour réduire la surdité et la sueur chaude.Cuir pour une durée de vie plus longue.Concevoir des LED lumineuses sur les écouteurs pour mettre en évidence l’atmosphère du jeu.\r\nContrôle de volume facile: câble USB tressé à haute intensité avec un régulateur de volume rotatif et un silencieux de microphone clé, empêche efficacement l’enroulement du câble de 48,8 pouces de long, vous permet de contrôler facilement le volume et de couper le microphone comme contrôle de volume facile.\r\n\r\n', '<table class=\"table w-100\">\r\n    <thead>\r\n        <tr>\r\n            <th class=\"w-25\">Informations générales sur le produit</th>\r\n        </tr>\r\n    </thead>\r\n    <tbody>\r\n        <tr>\r\n            <td>Marque</td>\r\n            <td>MOONMINI</td>\r\n        </tr>\r\n        <tr>\r\n            <td>Nom du produit</td>\r\n            <td>	Casque Gaming Casque Gamer pour PS4 Xbox One Ninte</td>\r\n        </tr>\r\n    </tbody>\r\n</table>', '2022-04-30', 'ajout'),
(18, 'EMPIRE GAMING – Dark Rainbow Casque Gamer - Multiplateforme - Son Stéréo Haute Définition - Micro Flexible Omnidirectionnel', 22, 7, 'IMMERSION ACOUSTIQUE : Haut-parleurs puissants de 40 mm produisant un son supérieur et clair de 360°.\r\nDESIGN GAMING : De couleur noir mat avec un rétroéclairage RGB lui conférant un design de caractère.\r\nROGER THAT : Microphone haute définition flexible et omnidirectionnel avec technologie de réduction du bruit ambiant.\r\nULTRA CONFORTABLE : Design circum-aural, les écouteurs dotés de coussinets englobent parfaitement les oreilles et empêchent la fuite du son vers l’extérieur tout en favorisant un maintien de la tête confortable.\r\nGRANDE COMPATIBILITE : Pas de driver spécifique, Plug-and-Play sur vos consoles PS4, PS5, Nintendo Switch, Xbox One, smartphones / tablettes ainsi que vos PC et Mac.', '<table class=\"table w-100\">\r\n    <thead>\r\n        <tr>\r\n            <th class=\"w-25\">Informations générales sur le produit</th>\r\n        </tr>\r\n    </thead>\r\n    <tbody>\r\n        <tr>\r\n            <td>Marque</td>\r\n            <td>	EMPIRE GAMING</td>\r\n        </tr>\r\n        <tr>\r\n            <td>Nom du produit</td>\r\n            <td>	EMPIRE GAMING – Dark Rainbow Casque Gamer - Multip</td>\r\n        </tr>\r\n    </tbody>\r\n</table>', '2022-04-30', 'ajout');
INSERT INTO `historique_produit` (`idProduit`, `nom`, `prix`, `idCategorie`, `descriptionProduit`, `caracteristique`, `dateChangement`, `type`) VALUES
(17, 'Casque Gaming Casque Gamer pour PS4 Xbox One Nintendo Switch PC Son 7.1 Surround Isolation Fortes Basses', 20, 7, 'Compatible avec une variété de plateformes: compatible PlayStation 4, New Xbox one, PC, Nintendo 3DS, portable, PSP, tablette, iPad, PC, téléphone mobile.Notez que lorsque vous vous connectez à une version plus ancienne du pilote Xbox one, vous avez besoin d’un adaptateur Microsoft supplémentaire (non inclus).\r\nSon surround stéréo ultra – basse: son clair avec laiton puissant, isolation sonore ambiante exceptionnelle et 1.575 “contrôleur magnétique néodyme de haute précision, positionnement sonore précis, amélioration de la sensibilité de l’unit é de haut – parleur, pour vous fournir un champ sonore vivant, son clair,Impact sonoreIdéal pour toutes sortes de jeux comme HALO 5 Guardian, metal Equipment Solid, Call of Duty, Star Wars front, overwatch, World of Warcraft Legion, etc.\r\nMicrophone insonorisé: le microphone Omni directionnel intégré transmet des communications de haute qualité, possède des fonctions de dissimulation de haute qualité, peut capter le son très sensible et éliminer le bruit, vous permettant de transmettre ou de recevoir des informations clairement dans le jeu.La conception du microphone est longue et flexible, ce qui facilite le réglage de l’angle du microphone.\r\n[conception sexuelle adulte] coussin supérieur confortable et respirable, coussin protéique sur l’oreille, poutre de tête Multi – hochet, lacets ergonomiques pour réduire la surdité et la sueur chaude.Cuir pour une durée de vie plus longue.Concevoir des LED lumineuses sur les écouteurs pour mettre en évidence l’atmosphère du jeu.\r\nContrôle de volume facile: câble USB tressé à haute intensité avec un régulateur de volume rotatif et un silencieux de microphone clé, empêche efficacement l’enroulement du câble de 48,8 pouces de long, vous permet de contrôler facilement le volume et de couper le microphone comme contrôle de volume facile.\r\n\r\n', '<table class=\"table w-100\">\r\n    <thead>\r\n        <tr>\r\n            <th class=\"w-25\">Informations générales sur le produit</th>\r\n        </tr>\r\n    </thead>\r\n    <tbody>\r\n        <tr>\r\n            <td>Marque</td>\r\n            <td>MOONMINI</td>\r\n        </tr>\r\n        <tr>\r\n            <td>Nom du produit</td>\r\n            <td>	Casque Gaming Casque Gamer pour PS4 Xbox One Ninte</td>\r\n        </tr>\r\n    </tbody>\r\n</table>', '2022-04-30', 'MAJ');

-- --------------------------------------------------------

--
-- Structure de la table `image_produit`
--

DROP TABLE IF EXISTS `image_produit`;
CREATE TABLE IF NOT EXISTS `image_produit` (
  `idProduit` int(11) NOT NULL,
  `cheminImage` varchar(60) NOT NULL,
  KEY `id_produit` (`idProduit`)
) ENGINE=InnoDB DEFAULT CHARSET=latin1;

--
-- Déchargement des données de la table `image_produit`
--

INSERT INTO `image_produit` (`idProduit`, `cheminImage`) VALUES
(1, 'image-produit/1/img1.png'),
(1, 'image-produit/1/img2.png'),
(1, 'image-produit/1/img3.png'),
(2, 'image-produit/2/img1.png'),
(2, 'image-produit/2/img2.png'),
(3, 'image-produit/3/img1.png'),
(3, 'image-produit/3/img2.png'),
(3, 'image-produit/3/img3.png'),
(4, 'image-produit/4/img1.png'),
(5, 'image-produit/5/img1.png'),
(6, 'image-produit/6/img1.png'),
(6, 'image-produit/6/img2.png'),
(6, 'image-produit/6/img3.png'),
(6, 'image-produit/6/img4.png'),
(7, 'image-produit/7/img1.png'),
(7, 'image-produit/7/img2.png'),
(7, 'image-produit/7/img3.png'),
(8, 'image-produit/8/img1.png'),
(8, 'image-produit/8/img2.png'),
(8, 'image-produit/8/img3.png'),
(9, 'image-produit/9/img1.png'),
(9, 'image-produit/9/img2.png'),
(9, 'image-produit/9/img3.png'),
(10, 'image-produit/10/img1.png'),
(10, 'image-produit/10/img2.png'),
(10, 'image-produit/10/img3.png'),
(11, 'image-produit/11/img1.png'),
(11, 'image-produit/11/img2.png'),
(11, 'image-produit/11/img3.png'),
(11, 'image-produit/11/img4.png'),
(12, 'image-produit/12/img1.png'),
(12, 'image-produit/12/img2.png'),
(12, 'image-produit/12/img3.png'),
(12, 'image-produit/12/img4.png'),
(12, 'image-produit/12/img5.png'),
(13, 'image-produit/13/img1.png'),
(13, 'image-produit/13/img2.png'),
(13, 'image-produit/13/img3.png'),
(13, 'image-produit/13/img4.png'),
(14, 'image-produit/14/img1.png'),
(14, 'image-produit/14/img2.png'),
(14, 'image-produit/14/img3.png'),
(14, 'image-produit/14/img4.png'),
(14, 'image-produit/14/img5.png'),
(15, 'image-produit/15/img1.jpg'),
(15, 'image-produit/15/img2.jpg'),
(15, 'image-produit/15/img3.jpg'),
(15, 'image-produit/15/img4.jpg'),
(15, 'image-produit/15/img5.jpg'),
(16, 'image-produit/16/img1.jpg'),
(16, 'image-produit/16/img2.jpg'),
(16, 'image-produit/16/img3.jpg'),
(16, 'image-produit/16/img4.jpg'),
(16, 'image-produit/16/img5.jpg'),
(17, 'image-produit/17/img1.jpg'),
(17, 'image-produit/17/img2.jpg'),
(17, 'image-produit/17/img3.jpg'),
(17, 'image-produit/17/img4.jpg'),
(18, 'image-produit/18/img1.jpg'),
(18, 'image-produit/18/img2.jpg'),
(18, 'image-produit/18/img3.jpg');

-- --------------------------------------------------------

--
-- Structure de la table `ligne_de_commande`
--

DROP TABLE IF EXISTS `ligne_de_commande`;
CREATE TABLE IF NOT EXISTS `ligne_de_commande` (
  `idCmde` int(11) NOT NULL,
  `idProduit` int(11) NOT NULL,
  `qte` int(11) NOT NULL,
  KEY `id_cmde` (`idCmde`),
  KEY `id_produit` (`idProduit`)
) ENGINE=InnoDB DEFAULT CHARSET=latin1;

--
-- Déchargement des données de la table `ligne_de_commande`
--

INSERT INTO `ligne_de_commande` (`idCmde`, `idProduit`, `qte`) VALUES
(20, 3, 1),
(20, 5, 1),
(21, 6, 1),
(22, 1, 1),
(23, 6, 1);

-- --------------------------------------------------------

--
-- Structure de la table `produit`
--

DROP TABLE IF EXISTS `produit`;
CREATE TABLE IF NOT EXISTS `produit` (
  `idProduit` int(11) NOT NULL AUTO_INCREMENT,
  `nom` text NOT NULL,
  `prix` int(11) NOT NULL,
  `idCategorie` int(11) NOT NULL,
  `descriptionProduit` text NOT NULL,
  `caracteristique` text NOT NULL,
  `dispo` tinyint(1) NOT NULL,
  PRIMARY KEY (`idProduit`),
  KEY `id_categorie` (`idCategorie`)
) ENGINE=InnoDB AUTO_INCREMENT=19 DEFAULT CHARSET=latin1;

--
-- Déchargement des données de la table `produit`
--

INSERT INTO `produit` (`idProduit`, `nom`, `prix`, `idCategorie`, `descriptionProduit`, `caracteristique`, `dispo`) VALUES
(1, 'PC Portable - ACER - Aspire A315-34-C221 - 15,6&quot; FHD - Intel Celeron N4020 - RAM 4 Go - Stockage 128 Go SSD - Windows 11 - AZERTY', 315, 3, 'Les points forts :\r\n\r\nUsage : Basique &amp; Bureautique\r\n\r\nProcesseur : Intel Celeron N4020 / 1.1 GHz\r\n\r\nRAM : 4 Go (la mémoire fournie est soudée)\r\n\r\nRésolution : 1920 x 1080 (Full HD)\r\n\r\nFonctions : Anti-éblouissement, ComfyView, taux de réponse de 8 ms, écran à bord étroit\r\n\r\nStockage principal : 128 Go SSD - Kingston\r\n\r\nProcesseur graphique : Intel UHD Graphics 600\r\n\r\nGarantie (²) : 2 ans\r\n\r\nSystème d\\\'exploitation : Windows 11 Home\r\n\r\nPoids : 1.94 kg', '<table class=\"table w-100\">\r\n    <thead>\r\n        <tr>\r\n            <th class=\"w-25\">Informations générales sur le produit</th>\r\n        </tr>\r\n    </thead>\r\n    <tbody>\r\n        <tr>\r\n            <td>Marque</td>\r\n            <td>ACER</td>\r\n        </tr>\r\n        <tr>\r\n            <td>Nom du produit</td>\r\n            <td>PC Portable - ACER - Aspire A315-34-C221 - 15,6\" F</td>\r\n        </tr>\r\n        <tr>\r\n            <td>Référence</td>\r\n            <td>NX.HXDEF.00F</td>\r\n        </tr>\r\n        <tr>\r\n            <td>CPU</td>\r\n            <td>Intel Celeron N4020 / 1.1 GHz</td>\r\n        </tr>\r\n        <tr>\r\n            <td>Nombre de coeurs</td>\r\n            <td>2</td>\r\n        </tr>\r\n        <tr>\r\n            <td>Vitesse maximale en mode Turbo</td>\r\n            <td>2.8 GHz</td>\r\n        </tr>\r\n        <tr>\r\n            <td>Résolution</td>\r\n            <td>1920 x 1080 (Full HD)</td>\r\n        </tr>\r\n        <tr>\r\n            <td>Stockage principal</td>\r\n            <td>128 Go SSD - Kingston</td>\r\n        </tr>\r\n        <tr>\r\n            <td>RAM</td>\r\n            <td>4 Go</td>\r\n        </tr>\r\n        <tr>\r\n            <td>RAM max</td>\r\n            <td>12 Go</td>\r\n        </tr>\r\n    </tbody>\r\n</table>', 1),
(2, 'MEMORY PC Gamer | AMD Ryzen 5 3600, 6x 3.60GHz | 4Go GeForce GTX 1650 | 16Go DDR4 RGB | 240 Go SSD + 2000 Go HDD | WiFi | Win 10 Pr', 899, 1, 'Ce PC de jeu doté d\\\'un processeur AMD Ryzen 5 SixCore et d\\\'une puissante NVIDIA GeForce GTX 1650 avec 4 Go de mémoire vous permet de jouer aux jeux actuels sans problème. La technologie à l\\\'état solide du SSD de 240 Go assure un démarrage ultra-rapide du Memory PC® et tous les autres processus informatiques sont également nettement plus rapides grâce au SSD. Le disque dur supplémentaire de 2000 Go offre également suffisamment d\\\'espace pour toutes vos données. Bien sûr, Windows 10 Pro est déjà installé, il suffit d\\\'activer le système d\\\'exploitation une seule fois. Configuration : Système d\\\'exploitation : Windows 10 Pro, 64Bit (pré-installé) Processeur (CPU) : AMD Ryzen 5 3600, 6x 3,6 GHz efroidissement du processeur : ventilateur certifié AMD Mémoire (RAM) : 16 Go DDR4 RGB, double canal Carte graphique : GeForce RTX 1650, 4 Go Carte mère : MSI A320M-A Pro Max, chipset AMD A320, socket AM4 Son : son surround 7.1 (Realtek ALC892) WLAN : Clé USB WLAN 433 MBit/s (802.11a/b/g/n/ac) - taux de transfert : 200Mb/s (2.4GHz), 433Mb/s (5GHz) 1er disque dur (SSD) : 240 Go 2er disque dur (HDD) : 2000 Go Bloc d\\\'alimentation : 700 Watt SQ-WHITE Silent - 80+. Boîtier : SQ-Tower 01, USB3.0 Les photos sont des exemples. Les composants installés peuvent être différents. La liste des composants énumérés est déterminante.\r\n', '<table class=\"table w-100\">\r\n    <thead>\r\n        <tr>\r\n            <th class=\"w-25\">Informations générales sur le produit</th>\r\n        </tr>\r\n    </thead>\r\n    <tbody>\r\n        <tr>\r\n            <td>Marque</td>\r\n            <td>MEMORY PC</td>\r\n        </tr>\r\n        <tr>\r\n            <td>Nom du produit</td>\r\n            <td>MEMORY PC Gamer | AMD Ryzen 5 3600, 6x 3.60GHz | 4</td>\r\n        </tr>\r\n        <tr>\r\n            <td>RAM</td>\r\n            <td>16 Go</td>\r\n        </tr>\r\n            <tr>\r\n            <td>Processeur graphique</td>\r\n            <td>Nvidia Geforce GTX 1650 4Go</td>\r\n        </tr>\r\n            <tr>\r\n            <td>Système d\'exploitation fourni</td>\r\n            <td>Windows 10 Pro</td>\r\n        </tr>\r\n            <tr>\r\n            <td>CPU</td>\r\n            <td>AMD Ryzen 5 3600 / 3,6 GHz</td>\r\n        </tr>\r\n            <tr>\r\n            <td>Capacité 1er disque dur</td>\r\n            <td>240 Go SSD</td>\r\n        </tr>\r\n            <tr>\r\n            <td>Capacité 2eme disque dur</td>\r\n            <td>2000 Go HDD</td>\r\n        </tr>\r\n    </tbody>\r\n</table>', 1),
(3, 'Megaport PC Gamer • AMD Ryzen 5 3600 6x 3,60GHz • GeForce GTX1650 • 8Go • 1To HDD • SANS système d\\\'exploitation • 303-FR', 750, 1, 'Ce PC gaming de Megaport saura combler tous vos désirs de gamer. Ce PC est équipé de composants à la pointe de la technologie et dispose de performances inégalées afin de satisfaire les attentes des gamers même les plus exigeants. Autre avantage de cette configuration : le boîtier absolument silencieux au somptueux design. Voici les ingrédients pour un ordinateur qui saura répondre aux attentes toujours grandissantes du monde du gaming. Notre service de retour de marchandises gratuit, valable pendant toute la durée de nos deux ans de garantie constructeur apporte la touche finale à ce pack sérénité. Ici, vous êtes à la bonne adresse pour dénicher le PC gamer idéal pour joueurs aux attentes élevées.\r\n\r\nCaractéristiques:\r\n\r\n- Système d\\\'exploitation: SANS système d\\\'exploitation\r\n\r\n- Processeur: AMD Ryzen 5 3600 avec 6 coeurs et 3.6 GHz (4.2 GHz en Turbo)\r\n\r\n- Carte graphique: Nvidia GeForce GTX 1650 4Go VRAM (GDDR6, HDMI et DisplayPort)\r\n\r\n- Mémoire: 8Go DDR4 3000 MHz (ADATA/Crucial/Teamgroup)\r\n\r\n- HDD: 1 To Toshiba, SATA III,5400 U/min\r\n\r\n- Carte mère: MSI A320M-A PRO (4x USB 3.2 Gen 1 (5Go/s)/2x USB 2.0 (480Mo/s))\r\n\r\n- WiFi: Carte WiFi, jusqu\\\'à 300Mbps\r\n\r\n- Lecteur: sans\r\n\r\n- Alimentation: 400 Watt Xilence Performance (80+)\r\n\r\n- Boitier: Tour gaming Megaport Hunter LED avec 4 120mm RGB ventilateurs en bleu (2x USB 3.0 + 1x USB 2.0)\r\n\r\n- SKU: 303-FR\r\n\r\nLes illustrations font référence à la présentation du produit et peuvent différer. Veuillez noter les détails de l\\\'équipement.\r\n\r\nNos clients recoivent pour l\\\'achat d\\\'un ordinateur une garantie de 24 mois inlcus une expedition gratuite: Concernant la maintenance, on répare votre ordinateur gratuitement.\r\n\r\nMegaport PC Gamer AMD Ryzen 5 3600 6x 3,60 GHz • Nvidia GeForce GTX1650 4Go • 8Go 3000MHz DDR4 • 1To HDD • WiFi • SANS système d\\\'exploitation • Unité centrale ordinateur de bureau', '<table class=\"table w-100\">\r\n    <thead>\r\n        <tr>\r\n            <th class=\"w-25\">Informations générales sur le produit</th>\r\n        </tr>\r\n    </thead>\r\n    <tbody>\r\n        <tr>\r\n            <td>Marque</td>\r\n            <td>MEGAPORT</td>\r\n        </tr>\r\n        <tr>\r\n            <td>Nom du produit</td>\r\n            <td>Megaport PC Gamer - AMD Ryzen 5 3600 6x 3,60GHz</td>\r\n        </tr>\r\n    </tbody>\r\n</table>', 1),
(4, 'VIST PC Gaming AMD Ryzen 5 - RAM 16Go - NVIDIA GeForce GTX 1650 - SSD 512Go m.2 - Windows 10', 775, 1, 'RGB DO GIER AMD Ryzen 5 GTX 1650 16GB SSD 512 m.2 W10\r\nProcesseur: AMD Ryzen 5 1600AF - 12 x 3,6 Ghz BOX\r\nMémoire de Ram: DDR4 16GB - Mémoire haute vitesse de 2666 Mhz avec dissipateurs thermiques\r\nDisque SSD: SSD 512GB NVMe Pci-E - Plusieurs fois plus rapide que les SSD standard, avec des vitesses de lecture et d\\\'écriture de 3400/2400 Mo/s, il offre de meilleures performances.\r\nAlimentation électrique: Silent 650W 140mm - Alimentation électrique robuste certifiée 80+, filtres anti-tension, filtres anti-interférences, grand ventilateur de 140 mm\r\nConstruction: VIST RGB VR6 - La photo montre un échantillon de composition, dans un ensemble de 3 fans RGB\r\nSystème: Windows 10 Pro - Licence à vie 64 bits\r\n---PRINCIPALES CARACTÉRISTIQUES ET FONCTIONS---\r\n--Carte mère--\r\n\r\nAMD Chipset A320:\r\n\r\nCarte mère au standard ATX basée sur un chipset AMD A320 équipé d\\\'un processeur Socket AM4. La carte supporte jusqu\\\'à 32 Go de RAM DDR4 à deux canaux avec une vitesse d\\\'horloge de 3200+(OC). Il dispose d\\\'une carte son intégrée et d\\\'une carte réseau gigabit.\r\n\r\n--Mémoire de Ram--\r\n\r\nRAM à grande vitesse DDR4 16GB 2666Mhz:\r\n\r\n\r\n--Disque SSD--\r\n\r\nAdata XPG SX8200 Pro SSD 512GB nVme PCI-E 3400/2400 MB/s.:\r\n\r\nLe disque 5-10x plus rapide que le SSD standard. Le lecteur super rapide permet au système de démarrer en quelques secondes, fonctionne rapidement sur de nombreuses applications et améliore les performances et la qualite de jeux - pas de retard dû à la &quot;lecture&quot;.\r\n\r\n--Construction--\r\n\r\nVIST RGB VR6:\r\n\r\nUn boîtier très bien équipé avec d\\\'excellents paramètres de ventilation, 3 ventilateurs RGB dans le prix, panneau frontal et latéral en plexiglas transparent. Cela permet une présentation élégante de l\\\'ensemble éclairé installé au centre. Sur le bord supérieur de l\\\'élégant panneau avant se trouvent un bouton d\\\'alimentation, un bouton de réinitialisation, deux ports USB 3.0 et un ensemble de connexions audio.\r\n\r\n--Système--\r\n\r\nWindows 10 Pro FR - Licence à vie:\r\n\r\nWindows 10 est tellement connu et facile à utiliser que vous vous sentirez comme un expert. Le menu Démarrer revient sous une forme étendue, et il contient toujours des applications et des favoris, que vous pouvez donc utiliser immédiatement. Il démarre et redémarre rapidement, comporte davantage de fonctions de sécurité intégrées pour garantir votre sécurité et est conçu pour fonctionner avec le matériel et les logiciels que vous possédez déjà.\r\n\r\n---Spécification technique---\r\nProcesseur: AMD Ryzen 5 1600AF\r\nRefroidissement du CPU: AMD BOX\r\nCarte mère: AMD Chipset A320\r\nMémoire de Ram: 16 Go DDR4 2666Mhz avec dissipateurs thermiques\r\nCarte graphique: GeForce GTX 1650 4GB GDDR6\r\nDisque SSD: SSD 512GB NVMe Pci-E\r\nAlimentation électrique: 650W 80+\r\nConstruction: VIST RGB VR6\r\nSystème: Windows 10 Pro\r\n', '<table class=\"table w-100\">\r\n    <thead>\r\n        <tr>\r\n            <th class=\"w-25\">Informations générales sur le produit</th>\r\n        </tr>\r\n    </thead>\r\n    <tbody>\r\n        <tr>\r\n            <td>Nom du produit</td>\r\n            <td>VIST PC Gaming AMD Ryzen 5 - RAM 16Go - NVIDIA GeF</td>\r\n        </tr>\r\n        <tr>\r\n            <td>Capacité Disque dur</td>\r\n            <td>512 Go</td>\r\n        </tr>\r\n        <tr>\r\n            <td>RAM</td>\r\n            <td>16 Go</td>\r\n        </tr>\r\n        <tr>\r\n            <td>Processeur graphique</td>\r\n            <td>NVIDIA GeForce GTX 1650 4Go GDDR6 128Bit</td>\r\n        </tr>\r\n        <tr>\r\n            <td>CPU</td>\r\n            <td>Ryzen 5 1600 AF</td>\r\n        </tr>\r\n    </tbody>\r\n</table>', 1),
(5, 'PC Lenovo ThinkCentre M73 Tiny G3220T 2.60GHz 8Go/480Go SSD Wifi W10', 175, 2, 'Le PC de bureau Lenovo modèle ThinkCentre M73 10AX est un PC de gamme professionnelle au format Mini PC qui pourra vous accompagner sur l\\\'ensemble de vos tâches bureautiques et multimédia avancées.\r\nSa taille contenue et son faible niveau sonore font de lui un ordinateur discret sans pour autant faire l\\\'impasse sur les performances.\r\nSon processeur polyvalent et performant Intel Pentium G G3220T cadencé à 2.60GHz et disposant de 2 coeurs sera parfait pour absorber les multiples tâches que vous lui confierez. Il est équipé de 8Go de mémoire DDR3 et d\\\'un disque dur de 480Go pour stocker vos données.\r\nDoté d\\\'une large connectivité (USB3, VGA, DisplayPort, COM, Ethernet, etc.) il s\\\'adaptera sans mal à la majorité de vos équipements.\r\nGrâce à son système d\\\'exploitation Microsoft Windows 10 Professionnel 64 bits, bénéficiez des dernières fonctionnalités, de l\\\'optimisation des performances et de la sécurité.\r\n\r\nCaractéristiques techniques\r\nProcesseur : Intel Pentium G G3220T 2.60GHz - 2 Cœurs - 4 Threads - Cache 3Mo\r\nMémoire RAM installée : 8Go DDR3 SO-DIMM (Maximum autorisé = 16Go)\r\nEmplacements RAM : 2\r\nDisque dur : 480Go 2.5&quot; SSD SATA (Technologie SSD offrant de bien meilleures performances)\r\nLecteur optique : Pas de lecteur\r\nPorts USB Façade : 2x USB3\r\nPorts USB Arrière : 3x USB2\r\nSocket processeur : FCLGA1150\r\nProfil carte accepté :\r\nPorts PCI-Express x16 : 0\r\nPorts PCI-Express x8 : 0\r\nPorts PCI-Express x4 : 0\r\nPorts PCI-Express x1 : 0\r\nPorts PCI : 0\r\nPort SATA : 1\r\nPort Firewire : 0\r\nPort Imprimante (LPT1) : 0\r\nPort COM (Série) : 1\r\nPort e-SATA : 0\r\nPort PS/2 : 0\r\nSorties audio : 1x Avant\r\nEntrées audio : 1x Avant\r\nChipset : Intel H81\r\nRéseau Ethernet : Intel I217-V, Wake on LAN\r\nAlimentation interne : 65W maxi\r\nSystème d\\\'exploitation : Microsoft Windows 10 Professionnel 64 bits\r\nDimensions en cms (L x H x P) : 3.45 x 17.9 x 18.2\r\nPoids : 1.3 Kg\r\n\r\nLe matériel est entièrement testé et reconditionné par nos experts en interne.\r\n\r\nContenu du paquet\r\n- 1x Unité centrale\r\n- 1x Câble d\\\'alimentation secteur\r\n- 1x Adaptateur WIFI\r\n\r\n', '<table class=\"table w-100\">\r\n    <thead>\r\n        <tr>\r\n            <th class=\"w-25\">Informations générales sur le produit</th>\r\n        </tr>\r\n    </thead>\r\n    <tbody>\r\n        <tr>\r\n            <td>Marque</td>\r\n            <td>LENOVO</td>\r\n        </tr>\r\n        <tr>\r\n            <td>Nom du produit</td>\r\n            <td>PC Lenovo ThinkCentre M73 Tiny G3220T 2.60GHz 8Go/</td>\r\n        </tr>\r\n        <tr>\r\n            <td>Capacité disque dur</td>\r\n            <td>480Go </td>\r\n        </tr>\r\n         <tr>\r\n            <td>RAM</td>\r\n            <td>8Go DDR3 SO-DIMM (Maximum autorisé = 16Go)</td>\r\n        </tr>\r\n         <tr>\r\n            <td>Processeur</td>\r\n            <td>Intel Pentium G G3220T 2.60GHz - 2 Cœurs</td>\r\n        </tr>\r\n            \r\n    </tbody>\r\n</table>', 1),
(6, 'PC Portable HP Laptop 17-cp0274nf - 17,3\\\'\\\' HD+ - AMD 3000 Series 3020E / 1.2 GHz - RAM 4 Go - Stockage 128 Go SSD - Windows 10', 299, 3, 'L\\\'achat de ce produit vous permet d\\\'obtenir Norton 360 Deluxe pendant 1 an gratuitement ! Une fois votre commande validée, vous recevrez un e-mail de la part de notre &quot;Service Client&quot; sous 24h. PC Portable HP Laptop 17-cp0274nf - 17,3\\\'\\\' HD+ - AMD 3000 Series 3020E / 1.2 GHz - RAM 4 Go - Stockage 128 Go SSD - Windows 10 - AZERTY', '<table class=\"table w-100\">\r\n    <thead>\r\n        <tr>\r\n            <th class=\"w-25\">Informations générales sur le produit</th>\r\n        </tr>\r\n    </thead>\r\n    <tbody>\r\n        <tr>\r\n            <td>Marque</td>\r\n            <td>HP</td>\r\n        </tr>\r\n        <tr>\r\n            <td>Nom du produit</td>\r\n            <td>PC Portable HP Laptop 17-cp0274nf - 17,3\'\' HD+ - A</td>\r\n        </tr>\r\n        <tr>\r\n            <td>Référence</td>\r\n            <td>4N8V4EA#ABF</td>\r\n        </tr>\r\n        <tr>\r\n            <td>CPU</td>\r\n            <td>AMD 3000 Series 3020E / 1.2 GHz</td>\r\n        </tr>\r\n        <tr>\r\n            <td>Résolution</td>\r\n            <td>1600 x 900 (HD+)</td>\r\n        </tr>\r\n        <tr>\r\n            <td>RAM</td>\r\n            <td>4 Go DDR4 (1 x 4 Go (non accessible au client/améliorable))</td>\r\n        </tr>\r\n        <tr>\r\n            <td>Capacité batterie</td>\r\n            <td>41 Wh Jusqu\'à 7.25 heures</td>\r\n        </tr>\r\n        <tr>\r\n            <td>Poids</td>\r\n            <td>2.07 kg\r\n</td>\r\n        </tr>\r\n        <tr>\r\n            <td>Dimensions (LxPxH)	</td>\r\n            <td>40.07 cm x 25.78 cm x 2.06 cm</td>\r\n        </tr>\r\n    </tbody>\r\n</table>', 1),
(7, 'Ecran PC Gamer - ACER Nitro VG240YSbmiipx - 23,8&quot; FHD - Dalle IPS - 1ms - 165Hz - 2xHDMI / DP - AMD FreeSync - Noir', 170, 4, 'Ecran LCD à rétroéclairage LED / matrice active TFT\r\nInterfaces : 2 x HDMI, DisplayPort\r\nRésolution native : Full HD (1080p) 1920 x 1080 à 144 Hz\r\nTemps de réponse : 1 ms (VRB)\r\nType de panneau : IPS\r\nLuminosité : 250 cd/m²\r\nRapport de contraste : 100000000:1 (dynamique)', '<table class=\"table w-100\">\r\n    <thead>\r\n        <tr>\r\n            <th class=\"w-25\">Informations générales sur le produit</th>\r\n        </tr>\r\n    </thead>\r\n    <tbody>\r\n        <tr>\r\n            <td>Marque</td>\r\n            <td>ACER</td>\r\n        </tr>\r\n        <tr>\r\n            <td>Nom du produit</td>\r\n            <td>Ecran PC Gamer - ACER Nitro VG240YSbmiipx - 23,8\"</td>\r\n        </tr>\r\n        <tr>\r\n            <td>Référence</td>\r\n            <td>UM.QV0EE.S01</td>\r\n        </tr>\r\n</table>', 1),
(8, 'Ecran PC Gamer - SAMSUNG ODYSSEY G3 - LF27G35TFWUXEN - 27&quot; FHD - Dalle VA - 1ms - 144Hz - FreeSync Premium', 220, 4, 'Ecran LCD à rétroéclairage LED / matrice active TFT\r\nInterfaces : VGA, DisplayPort 1.2, HDMI, Casque\r\nRésolution native : Full HD (1080p) 1920 x 1080 à 144 Hz\r\nTemps de réponse : 1 ms (MPRT)\r\nType de panneau : VA\r\nLuminosité : 250 cd/m²\r\nRapport de contraste : 4000:1', '<table class=\"table w-100\">\r\n    <thead>\r\n        <tr>\r\n            <th class=\"w-25\">Informations générales sur le produit</th>\r\n        </tr>\r\n    </thead>\r\n    <tbody>\r\n        <tr>\r\n            <td>Marque</td>\r\n            <td>SAMSUNG</td>\r\n        </tr>\r\n        <tr>\r\n            <td>Nom du produit</td>\r\n            <td>Ecran PC Gamer - SAMSUNG ODYSSEY G3 - LF27G35TFWUX</td>\r\n        </tr>\r\n        <tr>\r\n            <td>Référence</td>\r\n            <td>LF27G35TFWUXEN</td>\r\n        </tr>\r\n        <tr>\r\n            <td>Résolution</td>\r\n            <td>Full HD (1080p) 1920 x 1080 à 144 Hz</td>\r\n        </tr>\r\n        <tr>\r\n            <td>Temps de réponse	</td>\r\n            <td>1 ms (MPRT)</td>\r\n        </tr>\r\n        <tr>\r\n            <td>Taille de la diagonale	</td>\r\n            <td>27\"</td>\r\n        </tr>\r\n    </tbody>\r\n</table>', 1),
(9, 'ACER Nitro VG220Qbmiix - Ecran Gamer 21,5&quot; - FHD - Dalle IPS - 1ms - 75Hz - VGA / HDMI - AMD FreeSync', 130, 4, 'Ecran LCD à rétroéclairage LED / matrice active TFT\r\nInterfaces : 2 x HDMI, VGA, Sortie de ligne audio\r\nRésolution native : Full HD (1080p) 1920 x 1080 à 75 Hz\r\nTemps de réponse : 1 ms (MPRT)\r\nType de panneau : IPS\r\nLuminosité : 250 cd/m²\r\nRapport de contraste : 100000000:1 (dynamique)', '<table class=\"table w-100\">\r\n    <thead>\r\n        <tr>\r\n            <th class=\"w-25\">Informations générales sur le produit</th>\r\n        </tr>\r\n    </thead>\r\n    <tbody>\r\n        <tr>\r\n            <td>Marque</td>\r\n            <td>ACER</td>\r\n        </tr>\r\n        <tr>\r\n            <td>Nom du produit</td>\r\n            <td>ACER Nitro VG220Qbmiix - Ecran Gamer 21,5\" - FHD -</td>\r\n        </tr>\r\n        <tr>\r\n            <td>Référence</td>\r\n            <td>UM.WV0EE.006</td>\r\n        </tr>\r\n        <tr>\r\n            <td>Résolution </td>\r\n            <td>Full HD (1080p) 1920 x 1080 à 75 Hz</td>\r\n        </tr>\r\n        <tr>\r\n            <td>Taille de la diagonale</td>\r\n            <td>21.5\"</td>\r\n        </tr>\r\n        <tr>\r\n            <td>Poids</td>\r\n            <td>3.25 kg</td>\r\n        </tr>\r\n    </tbody>\r\n</table>', 1),
(10, 'AUKEY Clavier Gamer Mécanique Rétro-éclairé LED RGB, Bleu Switches, 100% Anti-ghosting, 105 Touches Clavier Gaming Français KM-G12', 23, 5, 'L’AUKEY KM-G12 est doté de commutateurs Outemu Blue, qui ont une réponse tactile et audible claire au moment de l’activation. Cela rend les touches de fond inutiles et accélère la frappe, par rapport aux claviers à membrane et à dôme en caoutchouc typiques. Le retour tactile précis et le son distinct du « clic » audible se combinent pour un tout nouveau niveau d’efficacité et de satisfaction de frappe.\r\nLe KM-G12 est équipé de 7 préréglages de couleurs et de 12 préréglages de configuration d’éclairage. Le logiciel G-aim vous donne un accès complet au spectre RVB de 16,8 millions de couleurs et à de nombreuses autres options de personnalisation.\r\n\r\nAUKEY Blue Switches\r\n\r\nCaractérisés par un retour tactile précis et un déplacement satisfaisant avec un son de « clic » audible.\r\n\r\n• Clic tactile et audible\r\n• 50 cN de force de manoeuvre\r\n• Pré-course de 1.9 mm\r\n• Course totale de 4.0 mm', '<table class=\"table w-100\">\r\n    <thead>\r\n        <tr>\r\n            <th class=\"w-25\">Informations générales sur le produit</th>\r\n        </tr>\r\n    </thead>\r\n    <tbody>\r\n        <tr>\r\n            <td>Marque</td>\r\n            <td>AUKEY</td>\r\n        </tr>\r\n        <tr>\r\n            <td>Nom du produit</td>\r\n            <td>AUKEY Clavier Gamer Mécanique Rétro-éclairé LED RG</td>\r\n        </tr>\r\n        <tr>\r\n            <td>Largeur</td>\r\n            <td>43.3 cm</td>\r\n        </tr>\r\n    </tbody>\r\n</table>', 1),
(11, 'K80 clavier mécanique filaire clavier gamer mecanique l\\\'axe cyan panneau métallique lumineux ordinateur de bureau Noir', 25, 5, 'Mode d’éclairage : respiration/de bas en haut/de haut en bas/diffusion/adduction/étiqueteur/rangée à point unique/Ambilight/mode constant\r\nJeux et divertissements de bureau pratiques : avec boutons multimédias, clavier de jeu, style extase en un coup d’œil, jeux et divertissements de bureau pratiques.\r\nRésistant à l’usure et pas facile à décolorer : Utilize 2 couleurs en plastique et se composent de particules ABS d’origine de qualité technique. Les personnages résistent à l’abrasion et ne se décolorent pas facilement.\r\nLongue durée de vie : les touches ont une texture délicate, aucune empreinte digitale et une durée de vie plus longue.\r\nFonctionnement pratique : ce clavier a adopté le corps d’onde mécanique standard national, qui a un bon effet d’élasticité, un sens de paragraphe fort et une sensation de fonctionnement confortable.\r\nConception ergonomique : La hauteur des touches du clavier est basée sur l’ergonomie et n’est pas facile à fatiguer après une utilisation prolongée.', '<table class=\"table w-100\">\r\n    <thead>\r\n        <tr>\r\n            <th class=\"w-25\">Informations générales sur le produit</th>\r\n        </tr>\r\n    </thead>\r\n    <tbody>\r\n        <tr>\r\n            <td>Marque</td>\r\n            <td>BEICHEN</td>\r\n        </tr>\r\n        <tr>\r\n            <td>Nom du produit</td>\r\n            <td>K80 clavier mécanique filaire clavier gamer mecani</td>\r\n        </tr>\r\n    </tbody>\r\n</table>', 1),
(12, 'LOGITECH G - Souris gaming sans fil G502 Lightspeed - Noir', 85, 6, 'Poids : 114 g\r\nInterfaces : 1 x USB - USB de type A 4 broches', '<table class=\"table w-100\">\r\n    <thead>\r\n        <tr>\r\n            <th class=\"w-25\">Informations générales sur le produit</th>\r\n        </tr>\r\n    </thead>\r\n    <tbody>\r\n        <tr>\r\n            <td>Marque</td>\r\n            <td>LOGITECH</td>\r\n        </tr>\r\n        <tr>\r\n            <td>Nom du produit</td>\r\n            <td>LOGITECH G - Souris gaming sans fil G502 Lightspeed - Noir</td>\r\n        </tr>\r\n        <tr>\r\n            <td>Référence</td>\r\n            <td>910-005568</td>\r\n        </tr>\r\n            <tr>\r\n            <td>Garantie</td>\r\n            <td>2 ans</td>\r\n        </tr>\r\n        <tr>\r\n            <td>Performances</td>\r\n            <td>Temps de réponse 1 ms, accélération maximum 40 G, jusqu\'à 400 pouces par seconde, taux de report : 1000 Hz, commutation de la sensibilité en temps réel 100 - 25 600 ppp</td>\r\n        </tr>\r\n    </tbody>\r\n</table>', 1),
(13, 'Souris gaming sans fil LIGHTSPEED G305', 39, 6, 'Couleur : Noir\r\nPoids : 99 g\r\nAutonomie (max.) : 250 heure(s)\r\nInterfaces : 1 x USB - USB de type A 4 broches\r\nElle est dotée de fonctionnalités avancées: capteur optique HERO parfait pour la compétition, technologie sans fil LIGHTSPEED plus rapide que les systèmes filaires, ultra-légère et compacte pour une meilleure portabilité et une meilleure maniabilité, le tout dans un ensemble abordable.\r\nLa souris G305 dispose d\\\'une autonomie continue de 250 heures de jeu fournie par une seule pile AA en mode Performance.\r\nLe capteur HERO de nouvelle génération offre des performances, une précision et une réactivité exceptionnelles, avec une sensibilité pouvant atteindre 12 000 ppp.\r\nLIGHTSPEED vous offre une expérience de jeu incroyablement réactive et fiable sans latence avec un taux de rapport ultra-rapide de 1 ms pour des performances de niveau compétition.', '<table class=\"table w-100\">\r\n    <thead>\r\n        <tr>\r\n            <th class=\"w-25\">Informations générales sur le produit</th>\r\n        </tr>\r\n    </thead>\r\n    <tbody>\r\n        <tr>\r\n            <td>Marque</td>\r\n            <td>	LOGITECH</td>\r\n        </tr>\r\n        <tr>\r\n            <td>Nom du produit</td>\r\n            <td>	LOGITECH G - Souris Gaming sans fil G305 LIGHTSPEE</td>\r\n        </tr>\r\n        <tr>\r\n            <td>Poids</td>\r\n            <td>99 g</td>\r\n        </tr>\r\n            <tr>\r\n            <td>Largeur</td>\r\n            <td>6.215 cm</td>\r\n        </tr>\r\n        <tr>\r\n            <td>Profondeur</td>\r\n            <td>3.82 cm</td>\r\n        </tr>\r\n        <tr>\r\n            <td>Hauteur</td>\r\n            <td>11.66 cm</td>\r\n        </tr>\r\n        <tr>\r\n            <td>Autonomie (max.)</td>\r\n            <td>250 heure(s)</td>\r\n        </tr>\r\n        <tr>\r\n            <td>Nombre de boutons	</td>\r\n            <td>6</td>\r\n        </tr>\r\n    </tbody>\r\n</table>', 1),
(14, 'LOGITECH - Souris Gamer Sans Fil G Pro - Noir', 89, 6, 'Au terme de deux années passées à recueillir les commentaires de plus de 50 joueurs professionnels d\\\'eSports, nous avons conçu la souris gaming sans fil PRO de manière à répondre aux exigences strictes de certains des plus grands professionnels d\\\'eSports du monde.\r\nNotre capteur HERO 25K suit les mouvements ultra-rapides à des vitesses supérieures à 400 IPS. Obtenez des performances optimales quelle que soit la résolution, sans aucun lissage ou filtrage.\r\n\r\n\r\nSouris sans fil LIGHTSPEED\r\nNotre technologie sans fil innovante ne connaît aucun problème de latence,de connectivité oude puissance et offre une connexion stable et sans décalage ainsi qu\\\'un taux de rapport ultra-rapide d\\\'1 ms.\r\n\r\n\r\nUltra légère\r\nNotre design innovant avec un endosquelette ne pèse que 80 g. Grâce à sa coque fine, son design innovant et sa batterie, la souris offre une facilité d\\\'utilisation parfaite pour les tournois.\r\n\r\n\r\n6 boutons programmables\r\nUtilisez la souris PRO sans fil prête à l\\\'emploi avec des paramètres de bouton prédéfinis ou configurez vos préférences personnalisées dans l\\\'Assistant pour jeux vidéo de Logitech.\r\n\r\n\r\nLIGHTSYNC RVB\r\nFaites votre choix parmi 16,8 millions de couleurs environ pour personnaliser l\\\'éclairage afin de représenter les couleurs de votre équipe ou de synchroniser l\\\'éclairage avec d\\\'autres produits G.\r\n6 boutons programmables\r\nLa technologie avancée et les caractéristiques hautes performances, conçues avec des joueurs professionnels du monde entier, offrent la vitesse et la précision nécessaires pour gagner.\r\n\r\n', '<table class=\"table w-100\">\r\n    <thead>\r\n        <tr>\r\n            <th class=\"w-25\">Informations générales sur le produit</th>\r\n        </tr>\r\n    </thead>\r\n    <tbody>\r\n        <tr>\r\n            <td>Marque</td>\r\n            <td>LOGITECH</td>\r\n        </tr>\r\n        <tr>\r\n            <td>Nom du produit</td>\r\n            <td>LOGITECH - Souris Gamer Sans Fil G Pro - Noir</td>\r\n        </tr>\r\n        <tr>\r\n            <td>Référence</td>\r\n            <td>	910005273</td>\r\n        </tr>\r\n            <tr>\r\n            <td>Poids</td>\r\n            <td>80 g</td>\r\n        </tr>\r\n        <tr>\r\n            <td>Largeur</td>\r\n            <td>6.35 cm</td>\r\n        </tr>\r\n        <tr>\r\n            <td>Profondeur</td>\r\n            <td>12.5 cm</td>\r\n        </tr>\r\n        <tr>\r\n            <td>Hauteur</td>\r\n            <td>4 cm</td>\r\n        </tr>\r\n        <tr>\r\n            <td>Autonomie (max.)</td>\r\n            <td>60 heures</td>\r\n        </tr>\r\n    </tbody>\r\n</table>', 1),
(15, 'LOGITECH G - Casque Gaming sans fil G935 LIGHTSYNC avec son surround 7.1 - Noir', 129, 7, 'Les grands transducteurs Pro-G 50 mm et le son surround DTS Headphone:X 2.0 créent une expérience de jeu immersive. Entendez les parties subtiles et explosives de votre jeu dans un environnement sonore 3D positionnel précis.\r\nJouez sans fil pendant 12 heures avec une liberté de mouvement totale grâce à la puissance du 2,4GHz sans fil. Ajoutez égalment une source audio supplémentaire au mélange grâce au câble 3,5 mm inclus.\r\nProfitez d\\\'un son complet. Les transducteurs audio Pro-G 50 mm sont fabriqués à partir d\\\'un maillage hybride propriétaire.\r\nProgrammez l\\\'éclairage en fonction de votre pièce ou de votre équipement. Ou laissez environ 16,8 millions de couleurs RVB qui s\\\'adaptent à vos actions en jeu, au son ou à la couleur de l\\\'écran.\r\nEntendez les ennemis se faufiler derrière vous, les indices de pouvoirs spéciaux, ainsi que les environnements immersifs à l\\\'aide de la clarté de position.\r\nProfitez de communications vocales d\\\'une clarté et d\\\'une précision exceptionnelles grâce au gros micro à tige de 6 mm.', '<table class=\"table w-100\">\r\n    <thead>\r\n        <tr>\r\n            <th class=\"w-25\">Informations générales sur le produit</th>\r\n        </tr>\r\n    </thead>\r\n    <tbody>\r\n        <tr>\r\n            <td>Marque</td>\r\n            <td>LOGITECH </td>\r\n        </tr>\r\n        <tr>\r\n            <td>Nom du produit</td>\r\n            <td>LOGITECH G - Casque Gaming sans fil G935 LIGHTSYNC</td>\r\n        </tr>\r\n        <tr>\r\n            <td>Référence</td>\r\n            <td>981000744</td>\r\n        </tr>\r\n        <tr>\r\n            <td>Poids</td>\r\n            <td>379 g</td>\r\n        </tr>\r\n        <tr>\r\n            <td>Sensibilité</td>\r\n            <td>93 dB</td>\r\n        </tr>\r\n        <tr>\r\n            <td>Impédance</td>\r\n            <td>39 Ohm</td>\r\n        </tr>\r\n    </tbody>\r\n</table>', 1),
(16, 'Casque Gaming filaire - LOGITECH - G PRO X - avec micro - Noir', 84, 7, 'Découvrez le casque gaming ultime, conçu avec et pour les professionnels eSports. Entendez comme les pros avec les transducteurs PRO-G 50mm. Faites-vous entendre comme les pros avec la technologie avancée de microphone Blue VO!CE. Jouez pour gagner.\r\nLe micro détachable 6mm Blue VO!CE ajuste votre voix en temps réel pour la rendre plus claire avec une réduction des bruits, une compression, un de-esser avancés, et bien plus encore.\r\nProfitez d\\\'une précision positionnelle améliorée en jeu grâce au son DTS Headphone:X 2.0 pour canaux 7.1 et un son surround orienté objet.\r\nNous avons inclus deux paires d\\\'oreillettes douces en mousse à mémoire de forme: similicuir à réduction de bruit + velours respirant.\r\nLe casque PRO X est conçu pour durer avec des arceaux premium en aluminium et un cadre de bandeau robuste en acier, doté d\\\'un rembourrage confortable et durable.', '<table class=\"table w-100\">\r\n    <thead>\r\n        <tr>\r\n            <th class=\"w-25\">Informations générales sur le produit</th>\r\n        </tr>\r\n    </thead>\r\n    <tbody>\r\n        <tr>\r\n            <td>Marque</td>\r\n            <td>	LOGITECH</td>\r\n        </tr>\r\n        <tr>\r\n            <td>Nom du produit</td>\r\n            <td>Casque Gaming filaire - LOGITECH - G PRO X</td>\r\n        </tr>\r\n        <tr>\r\n            <td>Référence</td>\r\n            <td>981-000818</td>\r\n        </tr>\r\n        <tr>\r\n            <td>Poids</td>\r\n            <td>320 g</td>\r\n        </tr>\r\n        <tr>\r\n            <td>Sensibilité</td>\r\n            <td>91.7 dB</td>\r\n        </tr>\r\n        <tr>\r\n            <td>Impédance</td>\r\n            <td>	35 Ohm</td>\r\n        </tr>\r\n    </tbody>\r\n</table>', 1),
(17, 'Casque Gaming Casque Gamer pour PS4 Xbox One Nintendo Switch PC Son 7.1 Surround Isolation Fortes Basses', 20, 7, 'Compatible avec une variété de plateformes: compatible PlayStation 4, New Xbox one, PC, Nintendo 3DS, portable, PSP, tablette, iPad, PC, téléphone mobile.Notez que lorsque vous vous connectez à une version plus ancienne du pilote Xbox one, vous avez besoin d’un adaptateur Microsoft supplémentaire (non inclus).\r\nSon surround stéréo ultra – basse: son clair avec laiton puissant, isolation sonore ambiante exceptionnelle et 1.575 “contrôleur magnétique néodyme de haute précision, positionnement sonore précis, amélioration de la sensibilité de l’unit é de haut – parleur, pour vous fournir un champ sonore vivant, son clair,Impact sonoreIdéal pour toutes sortes de jeux comme HALO 5 Guardian, metal Equipment Solid, Call of Duty, Star Wars front, overwatch, World of Warcraft Legion, etc.\r\nMicrophone insonorisé: le microphone Omni directionnel intégré transmet des communications de haute qualité, possède des fonctions de dissimulation de haute qualité, peut capter le son très sensible et éliminer le bruit, vous permettant de transmettre ou de recevoir des informations clairement dans le jeu.La conception du microphone est longue et flexible, ce qui facilite le réglage de l’angle du microphone.\r\n[conception sexuelle adulte] coussin supérieur confortable et respirable, coussin protéique sur l’oreille, poutre de tête Multi – hochet, lacets ergonomiques pour réduire la surdité et la sueur chaude.Cuir pour une durée de vie plus longue.Concevoir des LED lumineuses sur les écouteurs pour mettre en évidence l’atmosphère du jeu.\r\nContrôle de volume facile: câble USB tressé à haute intensité avec un régulateur de volume rotatif et un silencieux de microphone clé, empêche efficacement l’enroulement du câble de 48,8 pouces de long, vous permet de contrôler facilement le volume et de couper le microphone comme contrôle de volume facile.\r\n\r\n', '<table class=\"table w-100\">\r\n    <thead>\r\n        <tr>\r\n            <th class=\"w-25\">Informations générales sur le produit</th>\r\n        </tr>\r\n    </thead>\r\n    <tbody>\r\n        <tr>\r\n            <td>Marque</td>\r\n            <td>MOONMINI</td>\r\n        </tr>\r\n        <tr>\r\n            <td>Nom du produit</td>\r\n            <td>	Casque Gaming Casque Gamer pour PS4 Xbox One Ninte</td>\r\n        </tr>\r\n    </tbody>\r\n</table>', 1),
(18, 'EMPIRE GAMING – Dark Rainbow Casque Gamer - Multiplateforme - Son Stéréo Haute Définition - Micro Flexible Omnidirectionnel', 22, 7, 'IMMERSION ACOUSTIQUE : Haut-parleurs puissants de 40 mm produisant un son supérieur et clair de 360°.\r\nDESIGN GAMING : De couleur noir mat avec un rétroéclairage RGB lui conférant un design de caractère.\r\nROGER THAT : Microphone haute définition flexible et omnidirectionnel avec technologie de réduction du bruit ambiant.\r\nULTRA CONFORTABLE : Design circum-aural, les écouteurs dotés de coussinets englobent parfaitement les oreilles et empêchent la fuite du son vers l’extérieur tout en favorisant un maintien de la tête confortable.\r\nGRANDE COMPATIBILITE : Pas de driver spécifique, Plug-and-Play sur vos consoles PS4, PS5, Nintendo Switch, Xbox One, smartphones / tablettes ainsi que vos PC et Mac.', '<table class=\"table w-100\">\r\n    <thead>\r\n        <tr>\r\n            <th class=\"w-25\">Informations générales sur le produit</th>\r\n        </tr>\r\n    </thead>\r\n    <tbody>\r\n        <tr>\r\n            <td>Marque</td>\r\n            <td>	EMPIRE GAMING</td>\r\n        </tr>\r\n        <tr>\r\n            <td>Nom du produit</td>\r\n            <td>	EMPIRE GAMING – Dark Rainbow Casque Gamer - Multip</td>\r\n        </tr>\r\n    </tbody>\r\n</table>', 1);

--
-- Déclencheurs `produit`
--
DROP TRIGGER IF EXISTS `histoInsert`;
DELIMITER $$
CREATE TRIGGER `histoInsert` AFTER INSERT ON `produit` FOR EACH ROW INSERT INTO historique_produit(idProduit, nom, prix, idCategorie, descriptionProduit, caracteristique, dateChangement, type) VALUES (new.idProduit, new.nom, new.prix, new.idCategorie, new.descriptionProduit, new.caracteristique, substr(now(),1,10), 'ajout')
$$
DELIMITER ;
DROP TRIGGER IF EXISTS `histoUpdate`;
DELIMITER $$
CREATE TRIGGER `histoUpdate` AFTER UPDATE ON `produit` FOR EACH ROW INSERT INTO historique_produit(idProduit, nom, prix, idCategorie, descriptionProduit, caracteristique, dateChangement, type) VALUES (new.idProduit, new.nom, new.prix, new.idCategorie, new.descriptionProduit, new.caracteristique, substr(now(),1,10), 'MAJ')
$$
DELIMITER ;

--
-- Contraintes pour les tables déchargées
--

--
-- Contraintes pour la table `avis_client`
--
ALTER TABLE `avis_client`
  ADD CONSTRAINT `avis_client_ibfk_1` FOREIGN KEY (`idClient`) REFERENCES `client` (`idClient`),
  ADD CONSTRAINT `avis_client_ibfk_2` FOREIGN KEY (`idProduit`) REFERENCES `produit` (`idProduit`);

--
-- Contraintes pour la table `commande`
--
ALTER TABLE `commande`
  ADD CONSTRAINT `commande_ibfk_1` FOREIGN KEY (`idClient`) REFERENCES `client` (`idClient`);

--
-- Contraintes pour la table `historique_produit`
--
ALTER TABLE `historique_produit`
  ADD CONSTRAINT `historique_produit_ibfk_1` FOREIGN KEY (`idProduit`) REFERENCES `produit` (`idProduit`),
  ADD CONSTRAINT `historique_produit_ibfk_2` FOREIGN KEY (`idCategorie`) REFERENCES `categorie` (`idCategorie`);

--
-- Contraintes pour la table `image_produit`
--
ALTER TABLE `image_produit`
  ADD CONSTRAINT `image_produit_ibfk_1` FOREIGN KEY (`idProduit`) REFERENCES `produit` (`idProduit`) ON DELETE CASCADE ON UPDATE CASCADE;

--
-- Contraintes pour la table `ligne_de_commande`
--
ALTER TABLE `ligne_de_commande`
  ADD CONSTRAINT `ligne_de_commande_ibfk_1` FOREIGN KEY (`idCmde`) REFERENCES `commande` (`idCmde`),
  ADD CONSTRAINT `ligne_de_commande_ibfk_2` FOREIGN KEY (`idProduit`) REFERENCES `produit` (`idProduit`);

--
-- Contraintes pour la table `produit`
--
ALTER TABLE `produit`
  ADD CONSTRAINT `produit_ibfk_1` FOREIGN KEY (`idCategorie`) REFERENCES `categorie` (`idCategorie`);
COMMIT;

/*!40101 SET CHARACTER_SET_CLIENT=@OLD_CHARACTER_SET_CLIENT */;
/*!40101 SET CHARACTER_SET_RESULTS=@OLD_CHARACTER_SET_RESULTS */;
/*!40101 SET COLLATION_CONNECTION=@OLD_COLLATION_CONNECTION */;
